Year,Season,Month,Name,AcresBurned,Counties,CrewsInvolved,Dozers,Engines
2013,Summer,Aug,Rim Fire,257314,Tuolumne,NA,NA,NA
2013,Spring,May,Powerhouse Fire,30274,Los Angeles,NA,NA,NA
2013,Summer,Jul,Mountain Fire,27531,Riverside,NA,NA,NA
2013,Summer,Aug,American Fire,27440,Placer,NA,NA,NA
2013,Spring,May,Springs Fire,24251,Ventura,47,8,117
2013,Summer,Jul,Aspen Fire,22992,Fresno,NA,NA,NA
2013,Summer,Aug,Silver Fire,20292,Riverside,63,20,201
2013,Summer,Jul,Salmon River Complex,14754,Siskiyou,NA,NA,NA
2013,Summer,Aug,Corral Complex,12503,Humboldt,NA,NA,NA
2013,Summer,Aug,Deer Fire,11429,Tehama,30,3,36
2013,Fall,Sep,Clover Fire,8073,Shasta,12,3,30
2013,Summer,Jul,Chariot Fire,7055,San Diego,56,24,183
2013,Spring,May,Panther Fire,6965,Tehama,53,22,131
2013,Spring,May,Grand Fire,4346,Kern,29,1,34
2013,Fall,Nov,McCabe Fire,3505,Sonoma,8,NA,5
2013,Spring,May,Summit Fire,3166,Riverside,36,5,62
2013,Fall,Sep,Morgan Fire,3111,Contra Costa,8,5,3
2013,Spring,May,San Felipe Fire,2781,San Diego,33,25,73
2013,Summer,Aug,Swedes Fire,2462,Butte,33,28,95
2013,Fall,Oct,DeLuz Fire,2236,San Diego,NA,NA,NA
2013,Summer,Aug,Fish Fire,2060,Tulare,NA,NA,NA
2013,Spring,May,White Fire,1984,Santa Barbara,NA,NA,NA
2013,Summer,Jun,Carstens Fire,1708,Mariposa,2,NA,NA
2013,Summer,Aug,Falls Fire,1383,Riverside,NA,NA,NA
2013,Spring,May,General Fire,1271,San Diego,54,27,42
2013,Summer,Aug,Power Fire,1070,Tuolumne,NA,NA,NA
2013,Winter,Dec,Pfeiffer Fire,917,Monterey,NA,NA,NA
2013,Summer,Aug,Shirley Fire,794,Kern,NA,NA,NA
2013,Summer,Jul,Rancho Fire,712,Kern,20,20,37
2013,Spring,May,Lake Fire,712,Los Angeles,NA,NA,NA
2013,Summer,Jul,Water Fire,612,Kern,NA,NA,NA
2013,Summer,Jul,Kyburz Fire,572,El Dorado,NA,NA,NA
2013,Summer,Jun,Mills Fire,534,San Bernardino,29,29,29
2013,Summer,Aug,Plumas Lightning Complex (Hough),513,Plumas,NA,NA,NA
2013,Spring,May,Gorgonio Fire,510,Riverside,NA,NA,NA
2013,Summer,Jul,Fox Fire (formally 3-7 Fire),502,Modoc,NA,NA,NA
2013,Summer,Jun,Branch Fire,500,San Luis Obispo,NA,NA,NA
2013,Summer,Jul,Kirker Fire,492,Contra Costa,NA,NA,NA
2013,Summer,Jun,Rolling Fire,482,Madera,NA,NA,NA
2013,Summer,Aug,Gobblers Fire,413,San Bernardino,NA,NA,NA
2013,Winter,Feb,River Fire,406,Inyo,25,25,25
2013,Fall,Oct,Putah Fire,376,Napa,NA,NA,1
2013,Spring,May,Tres Pinos Fire,354,San Benito,NA,NA,NA
2013,Winter,Feb,Jurupa Fire,311,Riverside,NA,NA,NA
2013,Fall,Oct,Summit Fire,305,Butte,4,1,15
2013,Spring,May,Shelton Fire,303,San Joaquin,NA,NA,NA
2013,Summer,Jun,Lone Fire,298,Butte,3,3,26
2013,Winter,Jan,Becks Fire,296,Lake,NA,NA,NA
2013,Summer,Jul,Concord Fire,274,Contra Costa,NA,NA,NA
2013,Spring,Apr,Gold Fire,274,Madera,NA,NA,NA
2013,Fall,Sep,Madre Fire,268,Los Angeles,NA,NA,NA
2013,Fall,Sep,Lyon Fire,263,San Diego,4,NA,15
2013,Summer,Aug,Sharp Fire,243,San Bernardino,NA,NA,NA
2013,Summer,Jun,Vasco Fire,240,Alameda,NA,NA,NA
2013,Summer,Jun,PFE Fire,237,Placer,NA,NA,NA
2013,Summer,Jun,Daves Fire,226,Glenn,NA,NA,NA
2013,Spring,May,306 Fire,217,Glenn,11,5,6
2013,Summer,Jul,Tassajara Fire,213,Monterey,NA,NA,NA
2013,Fall,Sep,Sierra Fire,200,San Bernardino,NA,NA,NA
2013,Summer,Jul,Vina Fire,200,Tehama,NA,NA,NA
2013,Summer,Aug,Burney Lightning Series (Warner Fire),196,Shasta,24,24,31
2013,Summer,Jul,Paskenta Fire,195,Tehama,NA,NA,NA
2013,Fall,Nov,Silverado Fire,190,Napa,6,NA,15
2013,Spring,May,Olive Fire,170,Santa Barbara,NA,NA,NA
2013,Fall,Nov,Capay Fire,163,Yolo,NA,NA,NA
2013,Summer,Jul,50 Fire,163,El Dorado,NA,NA,NA
2013,Fall,Oct,Crane Fire,159,Sonoma,NA,NA,NA
2013,Summer,Jul,Lakeville Fire,158,Sonoma,NA,NA,NA
2013,Fall,Oct,Highland Fire,150,Alameda,NA,NA,NA
2013,Summer,Jul,Redlands Fire,150,Riverside,NA,NA,NA
2013,Summer,Jul,Diablo Fire,150,Stanislaus,NA,NA,NA
2013,Summer,Jun,George Fire,150,Fresno,NA,NA,NA
2013,Spring,May,Neal Fire,150,Butte,NA,2,17
2013,Spring,May,Magic Fire,149,Los Angeles,NA,NA,NA
2013,Fall,Sep,Angora Fire,134,Tulare,NA,NA,NA
2013,Spring,May,Yellow Fire,125,Sonoma,9,5,17
2013,Summer,Jun,California Fire,124,Solano,NA,NA,NA
2013,Summer,Jun,152 Fire,124,Merced,NA,NA,NA
2013,Spring,May,Smiley Fire,124,Riverside,NA,NA,NA
2013,Fall,Nov,Cantwell Fire,120,Lake,10,6,30
2013,Summer,Aug,Union Fire,116,El Dorado,NA,NA,NA
2013,Summer,Aug,Cleghorn Fire,110,San Bernardino,NA,NA,NA
2013,Summer,Jun,Clinton Fire,108,Fresno,NA,NA,NA
2013,Summer,Jun,Freeman Fire,105,Monterey,NA,NA,NA
2013,Summer,Aug,Bee Fire,100,Los Angeles,NA,NA,NA
2013,Summer,Jun,Murphy Fire,100,Tuolumne,NA,NA,NA
2013,Spring,May,Border Fire,100,San Diego,NA,NA,NA
2013,Fall,Sep,Highland Fire,98,Mendocino,NA,NA,NA
2013,Fall,Sep,Davis Creek Complex,97,Modoc,NA,NA,NA
2013,Summer,Aug,Little Fire,97,San Bernardino,NA,NA,NA
2013,Summer,Aug,Coyote Fire,97,Lassen,NA,NA,NA
2013,Summer,Jun,Roadrunner Fire,96,Amador,NA,NA,NA
2013,Fall,Sep,Creek Fire,94,San Luis Obispo,NA,NA,NA
2013,Summer,Aug,Branch Fire,92,Butte,4,NA,4
2013,Spring,May,Lilly 2 Fire,91,Madera,6,2,24
2013,Spring,May,Water Fire,90,Riverside,NA,NA,NA
2013,Summer,Jul,Adelaida Fire,85,San Luis Obispo,NA,NA,NA
2013,Fall,Nov,Retek Fire,82,Mendocino,NA,NA,NA
2013,Summer,Aug,Centerville Fire,80,Butte,2,NA,10
2013,Spring,Apr,Butte Fire,80,Fresno,NA,NA,NA
2013,Fall,Sep,Tehama Fire,75,Tehama,NA,NA,NA
2013,Summer,Jul,Silverwood Fire,75,San Bernardino,NA,NA,NA
2013,Summer,Jun,Revis Fire,75,Madera,15,13,13
2013,Spring,May,Lytle Fire,75,San Bernardino,13,NA,21
2013,Spring,Apr,Silverado Fire,75,Napa,NA,NA,NA
2013,Fall,Sep,Liveoak Fire,73,San Bernardino,NA,NA,NA
2013,Summer,Jul,McGanney Fire,73,Yuba,NA,NA,NA
2013,Spring,May,Cedar Fire,72,Butte,NA,2,3
2013,Summer,Aug,Double Fire,70,Lake,2,4,10
2013,Fall,Sep,Rail Fire,68,Modoc,NA,NA,NA
2013,Fall,Nov,Wheeler Fire,64,Ventura,NA,NA,NA
2013,Summer,Aug,Tram Fire,60,Riverside,NA,NA,NA
2013,Summer,Aug,Relay Fire,60,Riverside,NA,NA,NA
2013,Summer,Aug,Tyler Fire,52,Nevada,NA,NA,NA
2013,Fall,Nov,Toro Fire,51,San Luis Obispo,5,3,15
2013,Fall,Nov,Bruner Fire,50,Lake,NA,NA,NA
2013,Summer,Aug,Cottonwood Fire,50,Siskiyou,NA,NA,NA
2013,Summer,Jul,Uvas Fire,50,Santa Clara,NA,NA,NA
2013,Summer,Jul,Grant Fire,50,Alameda,NA,NA,NA
2013,Spring,May,Homestead Fire,50,San Luis Obispo,NA,NA,NA
2013,Summer,Aug,Bridges Fire,46,Calaveras,18,18,30
2013,Summer,Jun,Sierra Fire,46,Fresno,NA,NA,NA
2013,Summer,Jul,Pratt Fire,45,Mendocino,NA,NA,NA
2013,Winter,Dec,Happy Camp Fire,44,Ventura,NA,NA,NA
2013,Summer,Jul,Fiddler Fire,43,Shasta,NA,NA,NA
2013,Summer,Jun,Viper Fire,42,Riverside,NA,NA,NA
2013,Fall,Sep,Chestnut Fire,41,San Mateo,NA,NA,NA
2013,Winter,Dec,Grant Fire,40,Santa Clara,NA,NA,NA
2013,Fall,Oct,Baker Fire,40,Orange,NA,NA,NA
2013,Fall,Sep,Valley Fire,40,San Diego,NA,NA,NA
2013,Summer,Aug,Pierce Fire,40,Riverside,NA,NA,NA
2013,Summer,Jul,Trout Fire,40,Siskiyou,NA,NA,NA
2013,Summer,Jul,Heacock Fire,40,Riverside,NA,NA,NA
2013,Summer,Jun,Palmyrita Fire,40,Riverside,NA,NA,NA
2013,Spring,May,54 Fire,40,Riverside,NA,1,19
2013,Summer,Aug,Empire Fire,38,El Dorado,NA,NA,NA
2013,Summer,Aug,Indian Fire,38,Lake,NA,NA,NA
2013,Summer,Jul,Fallon Fire,38,Alameda,NA,NA,NA
2013,Summer,Jun,Michelle Fire,35,Fresno,NA,NA,NA
2013,Spring,May,Cottontail Fire,35,San Luis Obispo,NA,NA,NA
2013,Summer,Aug,Honey Fire,34,Shasta,NA,NA,NA
2013,Fall,Nov,Dersch Fire,33,Shasta,NA,NA,NA
2013,Summer,Jul,Chuckwagon Fire,31,Calaveras,NA,NA,NA
2013,Fall,Sep,Lakeshore Fire,30,Lake,NA,NA,NA
2013,Summer,Jun,Lake Fire,30,Lake,NA,NA,NA
2013,Spring,Apr,Fawnskin Fire,30,San Bernardino,NA,NA,NA
2013,Summer,Jun,Sonoma-Lake-Napa Unit Lightning Fires,28,Sonoma,NA,NA,NA
2013,Summer,Aug,Cloverdale Fire,27,Shasta,NA,NA,NA
2013,Summer,Jul,Flume Fire,25,San Diego,NA,NA,NA
2013,Summer,Jun,Mount Fire,25,Lake,NA,NA,NA
2013,Spring,May,Cherry Fire,25,Riverside,NA,NA,NA
2013,Fall,Nov,Dam Fire,23,Lake,NA,NA,NA
2013,Winter,Dec,Refuse Fire,15,Mendocino,NA,NA,NA
2013,Summer,Jul,Gilman Fire,15,Riverside,NA,NA,NA
2013,Spring,May,Ranger Fire,15,Madera,NA,NA,NA
2013,Summer,Aug,Orleans Complex,0,Humboldt,NA,NA,NA
2013,Summer,Jun,Hathaway Fire,0,Riverside,NA,NA,NA
2014,Fall,Sep,King Fire,97717,El Dorado,NA,NA,NA
2014,Summer,Aug,July Complex,50042,Siskiyou,NA,NA,NA
2014,Summer,Jul,Bald Fire,39736,Shasta,NA,NA,NA
2014,Summer,Jul,Oregon Gulch Fire (part of the Beaver Complex),35302,Siskiyou,NA,NA,NA
2014,Summer,Jul,Beaver Fire,32496,Siskiyou,NA,NA,NA
2014,Summer,Jul,Eiler Fire,32416,Shasta,1,NA,8
2014,Spring,May,Pulgas Fire,14416,San Diego,NA,NA,NA
2014,Summer,Jul,French Fire,13838,Madera,NA,NA,NA
2014,Summer,Jul,Day Fire,13153,Modoc,7,2,20
2014,Summer,Jul,Bully Fire,12661,Shasta,NA,NA,NA
2014,Summer,Jul,Lodge Lightning Complex,12536,Mendocino,NA,NA,NA
2014,Summer,Jul,Monticello Fire,6488,Yolo,NA,NA,2
2014,Summer,Jul,Coffee Fire,6258,Shasta,NA,NA,NA
2014,Summer,Jul,Little Deer Fire,5503,Siskiyou,NA,NA,NA
2014,Spring,May,Tomahawk Fire,5367,San Diego,NA,NA,NA
2014,Summer,Jun,Stoney Fire,4840,Monterey,NA,NA,NA
2014,Summer,Aug,Meadow Fire,4772,Mariposa,NA,NA,NA
2014,Summer,Jul,El Portal Fire,4689,Mariposa,NA,NA,NA
2014,Summer,Jul,Butts Fire,4300,Napa,NA,NA,NA
2014,Summer,Jul,Sand Fire,4240,Amador,1,NA,3
2014,Summer,Aug,Way Fire,4045,Kern,NA,NA,NA
2014,Summer,Jun,Shirley Fire,3895,Kern,NA,NA,NA
2014,Spring,Apr,Etiwanda Fire,2143,San Bernardino,22,NA,25
2014,Spring,May,Cocos Fire,1995,San Diego,13,1,21
2014,Winter,Jan,Colby Fire,1952,Los Angeles,NA,NA,NA
2014,Summer,Jul,Nicolls Fire,1680,Kern,NA,NA,NA
2014,Summer,Jul,Modoc Lightning Complex,1651,Modoc,NA,NA,NA
2014,Spring,May,Bernardo Fire,1548,San Diego,4,NA,NA
2014,Summer,Jul,Gulch Fire,1469,Modoc,8,NA,17
2014,Spring,May,San Mateo Fire,1457,San Diego,NA,NA,NA
2014,Fall,Sep,Gulch Fire,1375,Shasta,4,NA,7
2014,Summer,Jul,Dark Hole Fire,1080,Mariposa,NA,NA,NA
2014,Fall,Sep,Silverado Fire,968,Orange,NA,NA,NA
2014,Winter,Jan,Campbell Fire,865,Tehama,NA,NA,NA
2014,Spring,May,Hunters Fire,677,Mariposa,2,NA,2
2014,Spring,May,Miguelito Fire,632,Santa Barbara,10,1,10
2014,Summer,Aug,Junction Fire,612,Madera,6,2,7
2014,Spring,May,Poinsettia Fire,600,San Diego,NA,NA,NA
2014,Summer,Aug,Oregon Fire,580,Trinity,82,NA,3
2014,Fall,Sep,Boles Fire,516,Siskiyou,14,2,10
2014,Summer,Jun,59 Fire,487,Tuolumne,NA,NA,NA
2014,Fall,Oct,Applegate Fire,459,Placer,NA,NA,NA
2014,Fall,Sep,Black Fire,403,Mendocino,NA,NA,1
2014,Spring,Mar,Encinal Fire,400,Monterey,NA,NA,NA
2014,Summer,Jul,Web Fire,389,Butte,29,5,46
2014,Spring,May,Highway Fire,380,San Diego,NA,NA,NA
2014,Spring,Mar,Pierce Fire,350,Riverside,NA,NA,NA
2014,Winter,Jan,Red Fire,333,Humboldt,NA,NA,NA
2014,Fall,Sep,Courtney Fire,320,Madera,2,NA,4
2014,Fall,Oct,Dog Rock Fire,311,Mariposa,NA,NA,NA
2014,Fall,Sep,Bridge Fire,300,Mariposa,NA,NA,NA
2014,Summer,Jul,Gun Club Fire,300,Merced,NA,NA,NA
2014,Summer,Aug,Tecolote Fire,274,Los Angeles,NA,NA,NA
2014,Summer,Jun,Hetch Hetchy Fire,269,Tuolumne,NA,NA,NA
2014,Fall,Sep,Dog Bar Fire,247,Nevada,3,NA,3
2014,Summer,Jun,Tehama Fire,225,Tehama,NA,NA,NA
2014,Summer,Jul,Banner Fire,217,San Diego,4,NA,5
2014,Fall,Sep,Bald Hill 3 Fire,210,Humboldt,NA,NA,NA
2014,Summer,Aug,Shoemaker Fire,190,Los Angeles,NA,NA,NA
2014,Spring,May,Indian Fire,175,Lake,NA,NA,NA
2014,Summer,Jul,Dry Fire,143,Shasta,NA,NA,NA
2014,Summer,Jun,Haigh Fire,130,Mariposa,NA,1,NA
2014,Summer,Jun,Curie Fire,125,Santa Clara,NA,NA,NA
2014,Spring,Mar,Gun Fire,125,San Diego,NA,NA,NA
2014,Summer,Jun,Reed Fire,120,Calaveras,NA,NA,NA
2014,Winter,Jan,Brewer Fire,120,Placer,NA,NA,NA
2014,Spring,Apr,Bridges Fire,113,Inyo,11,1,12
2014,Winter,Jan,Lake Fire,106,Fresno,NA,NA,NA
2014,Spring,May,River Fire,105,San Diego,NA,NA,NA
2014,Summer,Aug,Little Fire,101,Modoc,NA,NA,NA
2014,Fall,Sep,Saratoga Fire,100,Lake,NA,NA,NA
2014,Fall,Sep,Interstate Fire,100,Riverside,NA,NA,NA
2014,Fall,Sep,Irene Fire,94,El Dorado,NA,NA,NA
2014,Summer,Jun,Valley Fire,90,Mariposa,12,5,15
2014,Summer,Jun,Oak Fire,85,Calaveras,NA,NA,NA
2014,Summer,Aug,Boca Fire,84,Nevada,NA,NA,NA
2014,Summer,Aug,Casa Fire,80,Santa Clara,NA,NA,NA
2014,Summer,Jul,Marsh Fire,80,Contra Costa,NA,NA,NA
2014,Fall,Sep,Montgomery Fire,79,Mariposa,NA,NA,NA
2014,Summer,Jul,Sabina Fire,78,Riverside,NA,NA,NA
2014,Summer,Jul,Cassel Fire,75,Shasta,5,1,3
2014,Spring,Apr,San Lucas Fire,75,Monterey,NA,NA,NA
2014,Summer,Jul,Wildlife Fire,72,Butte,NA,NA,NA
2014,Fall,Sep,Jackson Fire,70,Tuolumne,NA,NA,NA
2014,Summer,Jul,Ranch Fire,70,Kern,NA,NA,NA
2014,Summer,Jun,Norman Fire,70,Solano,NA,NA,NA
2014,Fall,Sep,June Fire,65,Inyo,NA,NA,NA
2014,Fall,Sep,Nelson Fire,62,Mendocino,2,NA,2
2014,Winter,Jan,Honcut Fire,60,Butte,NA,NA,NA
2014,Spring,Mar,Van Buren Fire,57,Riverside,NA,NA,NA
2014,Spring,May,Freeway Fire,56,San Diego,NA,NA,NA
2014,Spring,May,Fiddler Fire,50,Shasta,NA,NA,NA
2014,Fall,Oct,Bane Fire,48,San Bernardino,NA,NA,NA
2014,Summer,Jul,Interlake Fire,47,San Luis Obispo,NA,NA,NA
2014,Summer,Jun,Morgan Fire,40,Fresno,NA,NA,NA
2014,Summer,Jul,Hutto Fire,38,Nevada,NA,NA,NA
2014,Summer,Aug,McClellan Fire,37,Humboldt,NA,NA,NA
2014,Spring,May,Lake Fire,37,Stanislaus,NA,NA,NA
2014,Summer,Jun,Bogart Fire,31,Riverside,1,NA,1
2014,Summer,Jul,Siskiyou County Lightning Fires,30,Siskiyou,NA,NA,NA
2014,Summer,Jul,Bible Fire,30,El Dorado,NA,NA,NA
2014,Spring,May,Jacumba Fire,29,San Diego,NA,NA,NA
2014,Fall,Sep,Stage Coach Fire,27,Napa,NA,NA,NA
2014,Fall,Sep,Foothill Fire,25,Ventura,NA,NA,NA
2014,Summer,Aug,Leopard Fire,25,Shasta,NA,NA,NA
2014,Summer,Jun,Hall Fire,25,Fresno,NA,NA,NA
2014,Fall,Sep,Cascade Fire,20,El Dorado,NA,NA,NA
2014,Summer,Aug,Border Fire,20,San Diego,NA,NA,NA
2014,Winter,Jan,Bridge Fire,18,Humboldt,NA,NA,NA
2014,Summer,Jul,West Fire,15,Trinity,NA,NA,NA
2014,Summer,Jul,Iowa Fire,14,Placer,NA,NA,NA
2014,Summer,Jun,Santa Fire,14,Riverside,NA,NA,NA
2014,Summer,Aug,Pines Fire,10,Madera,NA,NA,NA
2014,Summer,Aug,South Napa Earthquake,6,Napa,NA,NA,NA
2014,Summer,Aug,Happy Camp Complex,0,Siskiyou,NA,NA,NA
2015,Summer,Jul,Rough Fire,151623,Fresno,NA,NA,NA
2015,Summer,Jul,River Complex,77081,Trinity,NA,NA,NA
2015,Summer,Jul,Rocky Fire,69438,Lake,6,14,24
2015,Summer,Jul,Fork Complex,36503,Trinity,NA,NA,NA
2015,Summer,Jun,Lake Fire,31359,San Bernardino,NA,NA,NA
2015,Summer,Jul,Gasquet Complex,30361,Del Norte,NA,NA,NA
2015,Summer,Jul,South Complex,29416,Trinity,NA,NA,NA
2015,Summer,Aug,Jerusalem Fire,25118,Lake,NA,NA,NA
2015,Summer,Aug,Dodge Fire,10570,Lassen,NA,NA,NA
2015,Summer,Aug,Nickowitz Fire,7509,Del Norte,NA,NA,NA
2015,Winter,Feb,Round Fire,7000,Inyo,6,1,7
2015,Summer,Jul,Cabin Fire,6980,Tulare,NA,NA,NA
2015,Summer,Jul,Willow Fire,5702,Madera,NA,NA,NA
2015,Summer,Jul,Humboldt Lightning Fires,4883,Humboldt,39,8,57
2015,Summer,Jul,Frog Fire,4863,Modoc,NA,NA,NA
2015,Summer,Jul,North Fire,4250,San Bernardino,4,1,NA
2015,Summer,Aug,Walker Fire,3676,Mono,NA,NA,NA
2015,Summer,Aug,Tesla Fire,2700,Alameda,NA,NA,5
2015,Summer,Aug,Cuesta Fire,2446,San Luis Obispo,26,3,23
2015,Summer,Jul,Lowell Fire,2304,Nevada,NA,NA,1
2015,Summer,Aug,Horno Fire,1850,San Diego,NA,NA,NA
2015,Summer,Jun,Park Hill Fire,1791,San Luis Obispo,NA,NA,3
2015,Summer,Jun,Saddle Fire,1542,Trinity,NA,NA,NA
2015,Summer,Jul,Creek Fire,1450,Merced,NA,NA,NA
2015,Summer,Jul,McCabe Fire,1333,Merced,NA,1,2
2015,Fall,Sep,Tassajara Fire,1086,Monterey,NA,NA,NA
2015,Spring,Apr,Highway Fire,1049,Riverside,3,NA,4
2015,Fall,Sep,Lumpkin Fire,1042,Butte,20,12,35
2015,Summer,Jun,Corrine Fire,920,Madera,2,2,NA
2015,Fall,Oct,Meridian Fire,860,Butte,2,3,18
2015,Fall,Sep,Elk Fire,673,Lake,4,1,10
2015,Fall,Oct,Cienega Fire,670,San Benito,2,3,4
2015,Summer,Aug,Anza Fire,543,Riverside,NA,NA,NA
2015,Winter,Feb,Van Dyke Fire,509,Mono,NA,NA,NA
2015,Summer,Jun,Sky Fire,500,Madera,NA,NA,NA
2015,Summer,Jul,Triple Fire,430,Tulare,NA,NA,NA
2015,Fall,Sep,Tenaya Fire,415,Mariposa,NA,NA,NA
2015,Summer,Jun,Calgrove Fire,415,Los Angeles,NA,NA,NA
2015,Summer,Jul,Swedes Fire,400,Butte,NA,NA,NA
2015,Summer,Aug,Lincoln Fire,374,Los Angeles,NA,NA,NA
2015,Summer,Jul,Ione Fire,355,Amador,1,2,13
2015,Summer,Aug,Warm Fire,300,Los Angeles,NA,NA,NA
2015,Summer,Jun,Site Fire,300,Alameda,NA,NA,NA
2015,Summer,Aug,Chorro Fire,282,Ventura,NA,NA,NA
2015,Spring,May,Forebay Fire,275,Merced,NA,NA,NA
2015,Spring,May,Christensen Fire,242,Alameda,NA,NA,NA
2015,Summer,Jul,Mendocino National Forest Lightning Complex,227,Mendocino,NA,NA,NA
2015,Fall,Sep,Pacheco Fire,215,Santa Clara,NA,NA,NA
2015,Summer,Aug,Peterson Fire,215,Lake,NA,NA,4
2015,Summer,Jul,241 Fire,214,Orange,NA,NA,NA
2015,Summer,Jul,China Fire,212,Shasta,3,1,20
2015,Summer,Jun,Mesa Fire,211,Santa Barbara,NA,NA,NA
2015,Summer,Jul,Big Creek Fire,204,Tuolumne,5,1,9
2015,Summer,Jul,Pines Fire,200,Los Angeles,NA,NA,NA
2015,Winter,Feb,Stephens Fire,200,Siskiyou,NA,NA,NA
2015,Summer,Jul,Vasco Fire,195,Contra Costa,NA,NA,NA
2015,Summer,Aug,Rustic Fire,186,Ventura,NA,NA,NA
2015,Summer,Jul,Cooley Fire,181,Siskiyou,NA,NA,NA
2015,Summer,Jun,Wildcat Fire,171,San Diego,NA,NA,NA
2015,Fall,Sep,Creek Fire,170,Fresno,NA,NA,NA
2015,Summer,Jul,Black Fire,170,Tehama,NA,NA,NA
2015,Summer,Aug,Flat Fire,167,Kern,NA,NA,NA
2015,Summer,Jul,Cutca Fire,167,San Diego,NA,NA,NA
2015,Summer,Jun,River Fire,164,Ventura,NA,NA,NA
2015,Summer,Jul,Queen Fire,158,Humboldt,NA,5,10
2015,Summer,Jun,Cook Fire,158,Yuba,11,9,25
2015,Summer,Jul,Sky Fire,150,Solano,13,3,15
2015,Summer,Jul,Merwin Fire,150,Riverside,NA,NA,NA
2015,Summer,Aug,Horse Fire,146,Humboldt,NA,NA,NA
2015,Spring,Apr,Ward Fire,137,Plumas,NA,NA,NA
2015,Summer,Jun,Red Fire,135,Madera,NA,NA,NA
2015,Summer,Aug,Democrat Fire,128,Trinity,NA,NA,NA
2015,Summer,Jun,Collier Fire,122,San Joaquin,NA,NA,NA
2015,Summer,Jul,3-11 Fire,116,Modoc,NA,NA,NA
2015,Summer,Aug,Mark Fire,114,Calaveras,NA,NA,5
2015,Summer,Aug,Tulloch Fire,112,Tuolumne,NA,NA,NA
2015,Summer,Jun,Shinn Fire,111,Lassen,NA,NA,NA
2015,Fall,Sep,Apple Fire,110,Sacramento,1,2,11
2015,Summer,Aug,36 Fire,110,Tehama,NA,NA,NA
2015,Summer,Jun,Riosa Fire,110,Placer,NA,NA,NA
2015,Fall,Sep,Walker Fire,109,Shasta,2,NA,2
2015,Fall,Sep,Oak Fire,108,Tuolumne,3,NA,3
2015,Fall,Oct,Munjar Fire,104,Butte,NA,NA,NA
2015,Summer,Jun,Sterling Fire,100,San Bernardino,NA,NA,NA
2015,Fall,Sep,Laureles Fire,95,Monterey,NA,NA,NA
2015,Summer,Jul,Deer Fire,95,San Luis Obispo,14,1,15
2015,Summer,Jul,Sprig Fire,90,Shasta,NA,NA,NA
2015,Summer,Jul,Advance Fire,86,Tulare,6,NA,10
2015,Summer,Jun,Otay Fire,80,San Diego,NA,NA,NA
2015,Summer,Jun,Harrison Fire,80,Riverside,NA,NA,NA
2015,Summer,Jul,3-12 Fire,77,Modoc,NA,NA,NA
2015,Summer,Aug,Fern Fire,75,Shasta,NA,NA,NA
2015,Summer,Jul,Mallard Fire,75,Shasta,1,NA,4
2015,Summer,Jul,Kyburz Fire,75,El Dorado,NA,NA,NA
2015,Summer,Jul,Webb Fire,75,Butte,NA,NA,NA
2015,Fall,Sep,Olive Fire,72,Butte,5,3,14
2015,Summer,Aug,Prairie Fire,69,Siskiyou,NA,NA,NA
2015,Summer,Jun,Pass Fire,67,Kern,NA,NA,NA
2015,Summer,Aug,Scales Fire,65,San Bernardino,NA,NA,NA
2015,Summer,Jul,Kerkhoff Fire,60,Fresno,NA,NA,NA
2015,Summer,Jun,Dixie Fire,60,Lassen,NA,NA,NA
2015,Summer,Jun,Grapefruit Fire,60,Riverside,NA,NA,NA
2015,Summer,Jun,Triangle Fire,60,Mariposa,NA,NA,NA
2015,Summer,Jun,North Fire,60,Amador,NA,NA,NA
2015,Summer,Aug,Point Fire,59,Shasta,NA,NA,2
2015,Fall,Oct,Military Fire,58,Siskiyou,NA,NA,NA
2015,Summer,Aug,Summit Fire,55,San Bernardino,NA,NA,NA
2015,Summer,Aug,De Luz Fire,55,San Diego,NA,NA,NA
2015,Summer,Jun,Fork Fire,55,Tehama,NA,NA,NA
2015,Summer,Jul,Mill 2 Fire,54,San Bernardino,NA,NA,NA
2015,Summer,Jun,Tesla Fire,53,Alameda,NA,NA,NA
2015,Summer,Aug,White Fire,52,Santa Barbara,NA,NA,NA
2015,Fall,Nov,Potrero Fire,50,Ventura,NA,NA,NA
2015,Summer,Jul,Mendocino Lightning Fires,50,Mendocino,NA,NA,NA
2015,Fall,Sep,Antelope Fire,45,Kern,NA,NA,NA
2015,Summer,Jul,Geary Fire,45,Alameda,NA,NA,NA
2015,Summer,Jun,FKU Lightning Fires,45,Fresno,NA,NA,NA
2015,Summer,Jul,Mason Fire,43,Modoc,NA,NA,NA
2015,Summer,Jun,Highway Fire,42,Santa Clara,NA,NA,NA
2015,Fall,Sep,Center Fire,40,Lassen,NA,NA,NA
2015,Summer,Jul,Sullivan Fire,40,Stanislaus,NA,NA,NA
2015,Summer,Jul,Ascot Fire,40,Solano,2,2,5
2015,Summer,Jun,Chiles Fire,38,Napa,4,2,8
2015,Summer,Jun,Garage Fire,36,Napa,2,2,9
2015,Fall,Sep,Browns Fire,35,Trinity,NA,NA,NA
2015,Summer,Jul,Ranch Fire,35,El Dorado,NA,NA,NA
2015,Summer,Jun,Covelo Fire,35,Mendocino,NA,NA,NA
2015,Fall,Sep,McCourtney Fire,30,Nevada,NA,NA,NA
2015,Summer,Aug,Kramer Fire,30,Lassen,NA,NA,NA
2015,Summer,Aug,Francis Fire,30,Yuba,NA,NA,NA
2015,Fall,Nov,Banister Fire,29,Ventura,NA,NA,NA
2015,Summer,Jul,Baxter Fire,26,Placer,NA,NA,NA
2015,Summer,Jul,Park Fire,25,San Diego,NA,NA,NA
2015,Summer,Jul,Betabel Fire,25,San Benito,NA,NA,NA
2015,Summer,Jul,Lake Fire,25,San Diego,NA,NA,NA
2015,Summer,Jul,Buckaroo Fire,25,El Dorado,NA,NA,NA
2015,Summer,Jun,Fox Fire,25,Mariposa,2,NA,5
2015,Summer,Jun,Oasis Fire,25,Lake,NA,NA,NA
2015,Summer,Jun,Snow Fire,25,Riverside,NA,NA,NA
2015,Summer,Jul,Dorris Fire,24,Siskiyou,2,NA,3
2015,Summer,Jul,Soda Fire,23,Mendocino,NA,NA,NA
2015,Summer,Aug,Grade Fire,22,Lake,NA,NA,NA
2015,Fall,Oct,Gibraltar Fire,21,Santa Barbara,NA,NA,NA
2015,Summer,Jul,Spider Fire,21,Riverside,2,3,11
2015,Summer,Jun,Bald Fire,20,Humboldt,10,2,12
2015,Summer,Jun,Pleasure Fire,19,Napa,NA,NA,NA
2015,Summer,Jul,Keswick Fire,18,Shasta,2,NA,6
2015,Summer,Jul,Buck Fire,16,Humboldt,NA,NA,NA
2015,Summer,Jul,Mad River Complex,0,Trinity,NA,NA,NA
2015,Summer,Jun,Washington Fire,0,Alpine,NA,NA,NA
2016,Summer,Jul,Soberanes Fire,132127,Monterey,NA,NA,NA
2016,Summer,Jun,Erskine Fire,48019,Kern,NA,NA,NA
2016,Summer,Aug,Chimney Fire,46344,San Luis Obispo,NA,NA,NA
2016,Summer,Aug,Blue Cut Fire,36274,San Bernardino,21,6,47
2016,Summer,Aug,Gap Fire,33867,Siskiyou,NA,NA,NA
2016,Summer,Aug,Rey Fire,32606,Santa Barbara,NA,NA,NA
2016,Summer,Aug,Cedar Fire,29322,Kern,NA,NA,NA
2016,Fall,Sep,Canyon Fire,12518,Santa Barbara,NA,NA,NA
2016,Summer,Aug,Pilot Fire,8110,San Bernardino,30,3,37
2016,Summer,Jun,Border Fire,7609,San Diego,NA,NA,NA
2016,Summer,Jun,Sherpa Fire,7474,Santa Barbara,NA,NA,NA
2016,Summer,Aug,Mineral Fire,7050,Fresno,NA,NA,NA
2016,Summer,Aug,Cold Fire,5731,Yolo,2,NA,5
2016,Summer,Jun,Trailhead Fire,5646,El Dorado,NA,NA,NA
2016,Fall,Sep,Owens River Fire,5443,Inyo,NA,NA,NA
2016,Summer,Jun,San Gabriel Complex (Formerly Fish & Reservoir Fires),5399,Los Angeles,NA,NA,NA
2016,Fall,Nov,Marek Fire,4824,Los Angeles,NA,NA,NA
2016,Fall,Sep,Loma Fire,4474,Santa Clara,1,1,3
2016,Fall,Oct,Meadow Fire,4347,Tulare,NA,NA,NA
2016,Summer,Aug,Clayton Fire,3929,Lake,NA,NA,2
2016,Spring,May,Metz Fire,3876,Monterey,NA,NA,5
2016,Spring,May,Roberts Fire,3712,San Luis Obispo,NA,NA,NA
2016,Summer,Jul,Curry Fire,2944,Fresno,12,5,29
2016,Summer,Jun,Pony Fire,2860,Siskiyou,NA,NA,NA
2016,Summer,Aug,Clark Fire,2819,Mono,NA,NA,NA
2016,Fall,Sep,Soup Complex,2652,Modoc,NA,NA,NA
2016,Fall,Sep,Willard Fire,2575,Lassen,3,2,2
2016,Summer,Jun,Coleman Fire,2520,Monterey,NA,NA,NA
2016,Summer,Jun,Pine Fire,2304,Ventura,NA,NA,NA
2016,Summer,Jul,Goose Fire,2241,Fresno,4,NA,7
2016,Fall,Oct,Sacata Fire,2100,Fresno,NA,NA,NA
2016,Summer,Jul,Deer Fire,1785,Kern,NA,NA,NA
2016,Fall,Sep,Sawmill Fire,1547,Sonoma,NA,NA,3
2016,Summer,Aug,Bogart Fire,1470,Riverside,NA,NA,NA
2016,Summer,Jun,Dinosaur Fire,1246,Merced,NA,NA,NA
2016,Summer,Jul,Roblar Fire,1245,San Diego,NA,NA,NA
2016,Summer,Jul,Sage Fire,1109,Los Angeles,NA,NA,NA
2016,Fall,Sep,Marshes Fire,1080,Tuolumne,2,NA,2
2016,Fall,Sep,Saddle Fire,850,Butte,4,2,3
2016,Summer,Aug,Grade Fire,710,Siskiyou,NA,NA,NA
2016,Summer,Jun,Marina Fire,650,Mono,NA,NA,NA
2016,Summer,Aug,Tully Fire,599,Humboldt,3,1,10
2016,Summer,Jul,Fort Fire,554,Kern,NA,NA,NA
2016,Summer,Aug,99 Fire,550,Butte,NA,NA,NA
2016,Summer,Aug,Range Fire,518,Kern,NA,NA,NA
2016,Summer,Jun,Colyear Fire,464,Tehama,NA,NA,NA
2016,Summer,Aug,Willow Fire,450,Calaveras,NA,NA,NA
2016,Summer,Jul,Fiddler Fire,441,Shasta,10,NA,20
2016,Summer,Aug,Beale Fire,400,Yuba,NA,NA,NA
2016,Summer,Aug,Tule Fire,395,Tulare,NA,NA,NA
2016,Fall,Sep,Howard Fire,380,Modoc,NA,NA,NA
2016,Summer,Jun,Rancho Fire,372,Amador,NA,NA,NA
2016,Fall,Sep,Hog Fire,360,Tehama,6,2,12
2016,Summer,Jul,Pacheco Fire,341,Calaveras,NA,NA,NA
2016,Summer,Jul,Appaloosa Fire,310,Calaveras,NA,NA,NA
2016,Fall,Sep,Flat Fire,306,Kern,NA,NA,NA
2016,Summer,Aug,Havilah Fire,304,Kern,NA,NA,NA
2016,Fall,Sep,Butte Fire,300,Sutter,NA,NA,NA
2016,Spring,May,DeWolf Fire,278,Fresno,NA,NA,NA
2016,Summer,Jun,Creek Fire,277,Yolo,NA,NA,NA
2016,Fall,Sep,Tobin Fire,248,Plumas,NA,NA,NA
2016,Summer,Jun,King Fire,237,San Benito,NA,NA,NA
2016,Summer,Jul,Onyx Fire,221,Kern,NA,NA,NA
2016,Fall,Sep,Washington Fire,215,Santa Barbara,NA,NA,NA
2016,Summer,Jun,Reservoir Fire,215,Lake,14,7,25
2016,Summer,Jun,Grant Fire,211,Alameda,NA,NA,NA
2016,Summer,Jun,Camanche Fire,210,Amador,NA,NA,NA
2016,Summer,Jul,Big Fire,188,Fresno,NA,NA,NA
2016,Fall,Oct,Emerald Fire,176,El Dorado,NA,NA,NA
2016,Summer,Jul,Briggs Fire,173,Riverside,NA,NA,NA
2016,Spring,May,Athens Fire,169,Placer,NA,NA,NA
2016,Fall,Sep,Sunny Fire,158,Fresno,NA,NA,NA
2016,Spring,May,Wheatland Fire,156,Los Angeles,NA,NA,NA
2016,Spring,Apr,Hills Fire,151,Fresno,NA,NA,NA
2016,Fall,Sep,Old Fire,150,Del Norte,NA,NA,NA
2016,Summer,Aug,Holy Fire,150,Orange,NA,NA,NA
2016,Spring,May,Shedd Fire,150,San Luis Obispo,NA,NA,NA
2016,Summer,Aug,Bird Fire,147,San Joaquin,NA,NA,NA
2016,Summer,Jul,Frame Fire,145,Fresno,NA,NA,NA
2016,Summer,Aug,Maze Fire,140,Stanislaus,NA,NA,NA
2016,Summer,Jun,Temecula Fire,139,Riverside,NA,NA,NA
2016,Summer,Jul,Famoso Fire,138,Kern,NA,NA,NA
2016,Spring,May,Avocado Fire,132,Fresno,NA,NA,NA
2016,Fall,Sep,Bangor Fire,130,Butte,NA,NA,NA
2016,Summer,Jul,Green Fire,123,Fresno,NA,NA,NA
2016,Summer,Aug,Rock Creek Fire,122,Mono,NA,NA,NA
2016,Summer,Jun,Coe Fire,120,Stanislaus,NA,NA,NA
2016,Summer,Jul,Sierra Fire,114,Santa Clara,NA,NA,NA
2016,Summer,Jun,Coal Fire,112,Butte,NA,NA,NA
2016,Summer,Jul,Broken Fire,103,Madera,NA,NA,NA
2016,Fall,Sep,Cow Fire,100,Shasta,NA,NA,NA
2016,Summer,Aug,Bailey Fire,100,Santa Clara,NA,NA,NA
2016,Summer,Aug,Hart Fire,100,Kern,NA,NA,NA
2016,Summer,Aug,Diablo Fire,100,Stanislaus,NA,NA,NA
2016,Summer,Jul,Bradley Fire,100,Monterey,NA,NA,NA
2016,Summer,Jul,Feather Fire,100,San Diego,NA,NA,NA
2016,Summer,Jul,Mercury Fire,95,San Benito,NA,NA,NA
2016,Spring,May,Dunstone Fire,91,Butte,NA,NA,NA
2016,Summer,Aug,Santos Fire,88,Butte,NA,NA,NA
2016,Summer,Jul,Flores Fire,88,Tehama,NA,NA,NA
2016,Summer,Jun,Moore Fire,88,Placer,NA,NA,NA
2016,Summer,Jul,Scott Fire,87,Sacramento,NA,NA,NA
2016,Summer,Jun,Frazier Fire,86,San Luis Obispo,NA,NA,NA
2016,Summer,Aug,Grub Fire,85,Madera,NA,NA,NA
2016,Spring,May,Tulloch Fire,85,Tuolumne,3,NA,6
2016,Summer,Jul,Dunnigan Fire,84,Yolo,NA,NA,NA
2016,Summer,Jun,Cheyenne Fire,83,Calaveras,NA,NA,NA
2016,Summer,Jun,Old Fire,83,San Benito,NA,NA,NA
2016,Summer,Aug,Baker Fire,80,Tehama,NA,NA,NA
2016,Summer,Jul,Serpa Fire,80,Madera,NA,NA,NA
2016,Summer,Jun,Hoag Fire,80,Tehama,NA,NA,NA
2016,Summer,Jul,Sherwood Fire,78,Ventura,NA,NA,NA
2016,Fall,Sep,Lake Fire,75,Shasta,NA,NA,NA
2016,Fall,Sep,Newmark Fire,70,Fresno,NA,NA,NA
2016,Summer,Jun,Arroyo Fire,70,Monterey,NA,NA,NA
2016,Spring,May,Pala Fire,70,San Diego,NA,NA,NA
2016,Summer,Jul,Foothill Fire,69,Lake,NA,NA,4
2016,Fall,Oct,Creek Fire,65,Napa,4,0,5
2016,Summer,Jun,Cotton Fire,61,Kern,NA,NA,NA
2016,Summer,Jul,Oak Fire,57,Solano,NA,NA,NA
2016,Summer,Jul,Baker Fire,57,Calaveras,NA,NA,NA
2016,Spring,May,Mill Fire,56,Siskiyou,NA,NA,NA
2016,Summer,Jun,Lowe Fire,52,Monterey,NA,NA,NA
2016,Fall,Sep,Ruff Fire,50,Mendocino,NA,NA,NA
2016,Fall,Sep,Spring Fire,50,San Bernardino,NA,NA,NA
2016,Summer,Jul,Storksbill Fire,50,El Dorado,NA,NA,NA
2016,Spring,Apr,Casitas Fire,50,Ventura,NA,NA,NA
2016,Summer,Jun,70 Fire,49,Butte,NA,NA,NA
2016,Fall,Sep,Auburn Fire,47,Nevada,NA,NA,NA
2016,Summer,Jun,Laguna Fire,47,Orange,NA,NA,NA
2016,Fall,Sep,Bell Fire,45,Amador,5,2,18
2016,Summer,Aug,Kugelman Fire,45,Lake,NA,NA,NA
2016,Summer,Jul,Kuehner Fire,45,Ventura,NA,NA,NA
2016,Summer,Jun,Paskenta Fire,43,Tehama,NA,NA,NA
2016,Spring,May,Walker Fire,43,Kern,NA,NA,NA
2016,Summer,Jul,Dockery Fire,42,Lassen,NA,NA,NA
2016,Fall,Sep,Boys Fire,40,Sacramento,NA,NA,NA
2016,Summer,Aug,Evergreen Fire,40,Riverside,NA,NA,NA
2016,Summer,Jul,Franklin Fire,40,Contra Costa,NA,NA,NA
2016,Fall,Sep,Phoenix Fire,38,Nevada,NA,NA,NA
2016,Summer,Jul,Fork Fire,38,Madera,NA,NA,NA
2016,Summer,Aug,Mina Fire,36,Mendocino,NA,NA,NA
2016,Summer,Aug,Knoxville Fire,36,Lake,NA,NA,NA
2016,Summer,Aug,Gopher Fire,35,San Diego,NA,NA,NA
2016,Summer,Aug,Mountain Fire,35,Shasta,NA,NA,NA
2016,Summer,Jul,Neal Fire,35,Butte,NA,NA,NA
2016,Summer,Jul,Stagecoach Fire,35,Calaveras,NA,NA,NA
2016,Summer,Jun,Campo Fire,33,Calaveras,NA,NA,NA
2016,Fall,Sep,Moffett Fire,32,Siskiyou,NA,NA,NA
2016,Summer,Jul,Frymire Fire,32,Tuolumne,NA,NA,NA
2016,Summer,Jun,Clay Fire,32,Sacramento,NA,NA,NA
2016,Fall,Sep,Old Fire,30,Butte,NA,NA,NA
2016,Summer,Jul,Lone Pine Fire,30,Inyo,NA,NA,NA
2016,Summer,Jun,Hidden Fire,30,San Benito,NA,NA,NA
2016,Spring,May,70 Fire,30,Butte,1,1,9
2016,Spring,Apr,Taglio Fire,30,Merced,NA,NA,NA
2016,Fall,Nov,Gopher Fire,28,San Diego,NA,NA,NA
2016,Summer,Jul,Rock Fire,28,San Diego,NA,NA,NA
2016,Summer,Aug,Deer Fire,26,Amador,2,1,8
2016,Summer,Jul,Bailey Fire,26,Siskiyou,NA,NA,NA
2016,Fall,Sep,Oak Fire,25,Santa Clara,NA,NA,NA
2016,Summer,Aug,Oak Fire,25,Santa Clara,NA,NA,NA
2016,Summer,Aug,Alder Fire,25,El Dorado,NA,NA,NA
2016,Summer,Jul,North Branch Extension Fire,25,Lake,NA,NA,NA
2016,Summer,Jun,Aukum Fire,25,El Dorado,NA,NA,NA
2016,Spring,May,Bryson Fire,25,Monterey,NA,NA,NA
2016,Summer,Jun,Keswick Fire,24,Shasta,NA,NA,NA
2016,Summer,Aug,Stafford Fire,23,Humboldt,NA,NA,NA
2016,Summer,Jul,Table Fire,23,Siskiyou,NA,NA,NA
2016,Summer,Aug,Summit Fire,21,Humboldt,NA,NA,NA
2016,Fall,Sep,Ken Fire,20,San Bernardino,NA,NA,NA
2016,Summer,Aug,Mockingbird Fire,20,Lake,NA,NA,NA
2016,Spring,May,Edison Fire,20,Ventura,NA,NA,NA
2016,Summer,Aug,Willow Fire,19,Amador,NA,NA,NA
2016,Summer,Jul,Shelter Fire,15,Ventura,NA,NA,NA
2016,Summer,Jul,Collier Fire,11,Tehama,NA,NA,NA
2016,Spring,May,Fiddler Fire,11,Shasta,NA,NA,NA
2016,Fall,Oct,Jacobson Fire,10,Tulare,NA,NA,NA
2016,Summer,Aug,Mokelumne Fire,0,Alpine,NA,NA,NA
2016,Summer,Jul,Sand Fire,0,Los Angeles,NA,NA,NA
2016,Summer,Jun,Soda Fire,0,San Luis Obispo,NA,NA,NA
2016,Summer,Jun,Old Fire,0,Los Angeles,NA,NA,NA
2016,Summer,Jun,Chimney Fire,0,Tulare,NA,NA,NA
2016,Spring,Apr,Gorman Fire,0,Los Angeles,NA,NA,NA
2017,Winter,Dec,Thomas Fire,281893,Santa Barbara,NA,NA,NA
2017,Summer,Jul,Long Valley Fire,83733,Lassen,NA,NA,NA
2017,Summer,Jul,Modoc July Complex,83120,Modoc,NA,NA,NA
2017,Summer,Jul,Detwiler Fire,81826,Mariposa,NA,NA,NA
2017,Summer,Aug,Eclipse Complex,78698,Siskiyou,NA,NA,NA
2017,Fall,Oct,Nuns / Adobe / Norrbom/ Pressley / Partrick Fires / Oakmont (Central LNU Complex),56556,Napa,NA,NA,NA
2017,Fall,Oct,Atlas Fire (Southern LNU Complex),51624,Napa,NA,NA,NA
2017,Summer,Jul,Garza Fire,48889,Kings,NA,NA,NA
2017,Summer,Aug,Miller Complex,39715,Siskiyou,NA,NA,NA
2017,Fall,Oct,Tubbs Fire (Central LNU Complex),36807,Napa,NA,NA,NA
2017,Summer,Aug,Pier Fire,36556,Tulare,28,22,138
2017,Fall,Oct,Redwood Valley Fire (Mendocino Lake Complex),36523,Mendocino,NA,NA,NA
2017,Summer,Jul,Alamo Fire,28687,San Luis Obispo,21,4,92
2017,Summer,Jul,Orleans Complex,27276,Siskiyou,NA,NA,NA
2017,Summer,Aug,Helena - Fork Fire,21846,Trinity,NA,NA,NA
2017,Fall,Sep,Lion Fire,18900,Tulare,NA,NA,NA
2017,Summer,Aug,R-4 Fire,18618,Lassen,NA,NA,NA
2017,Summer,Jul,Whittier Fire,18430,Santa Barbara,NA,NA,NA
2017,Fall,Oct,Pocket Fire (Central LNU Complex),17357,Sonoma,NA,NA,NA
2017,Summer,Jun,Schaeffer Fire,16031,Tulare,NA,NA,NA
2017,Winter,Dec,Creek Fire,15619,Los Angeles,NA,NA,NA
2017,Fall,Sep,Buck Fire,13417,Trinity,NA,NA,NA
2017,Summer,Aug,Railroad Fire,12407,Madera,NA,NA,NA
2017,Spring,May,Elm Fire,10343,Fresno,14,NA,35
2017,Fall,Oct,Cascade Fire (Wind Complex),9989,Yuba,NA,NA,NA
2017,Fall,Oct,Canyon 2 Fire,9217,Orange,13,8,51
2017,Summer,Aug,Slinkard Fire,8925,Mono,NA,NA,NA
2017,Fall,Oct,Cherokee Fire,8417,Butte,NA,NA,NA
2017,Summer,Aug,Empire Fire,8094,Mariposa,NA,NA,NA
2017,Summer,Aug,Parker 2 Fire,7697,Modoc,NA,NA,NA
2017,Fall,Sep,La Tuna Fire,7194,Los Angeles,NA,NA,NA
2017,Summer,Aug,South Fork Fire,7000,Mariposa,NA,NA,NA
2017,Summer,Jun,Manzanita Fire,6309,Riverside,NA,NA,NA
2017,Fall,Oct,LaPorte Fire (Wind Complex),6151,Butte,NA,NA,NA
2017,Winter,Dec,Rye Fire,6049,Los Angeles,18,NA,55
2017,Summer,Aug,Mud Fire,6042,Lassen,NA,NA,NA
2017,Summer,Jul,Wall Fire,6033,Butte,4,4,10
2017,Spring,Apr,Jayne Fire,5738,Fresno,NA,NA,NA
2017,Summer,Jul,Summit Complex,5247,Stanislaus,NA,NA,NA
2017,Summer,Aug,Ruth Complex,4736,Trinity,NA,NA,NA
2017,Summer,Jul,Minerva Fire,4310,Plumas,NA,NA,NA
2017,Winter,Dec,Lilac Fire,4100,San Diego,NA,NA,NA
2017,Summer,Aug,Ponderosa Fire,4016,Butte,NA,NA,NA
2017,Fall,Sep,Palmer Fire,3874,Riverside,8,2,34
2017,Summer,Aug,Young Fire,3142,Siskiyou,NA,NA,NA
2017,Summer,Jul,Hawk Fire,2940,Kern,NA,NA,NA
2017,Fall,Sep,Canyon Fire,2662,Orange,NA,NA,NA
2017,Fall,Sep,Eureka Fire,2575,Plumas,NA,NA,NA
2017,Summer,Aug,I-5 Fire,2312,Kings,NA,NA,NA
2017,Summer,Aug,Indian Fire,2295,Tulare,NA,NA,NA
2017,Summer,Jul,Roadrunner Fire,2289,Tulare,NA,NA,NA
2017,Summer,Jul,Winters Fire,2269,Yolo,4,NA,10
2017,Fall,Oct,Sulphur Fire (Mendocino Lake Complex),2207,Lake,NA,NA,NA
2017,Spring,May,Gate Fire,2056,San Diego,NA,NA,NA
2017,Fall,Oct,Adobe Fire (Central LNU Complex),1868,Sonoma,NA,NA,NA
2017,Summer,Jul,Parkfield Fire,1816,Monterey,NA,NA,NA
2017,Spring,May,Wright Fire,1800,Merced,NA,NA,NA
2017,Fall,Sep,Creek Fire,1749,Stanislaus,NA,NA,NA
2017,Fall,Oct,37 Fire,1660,Sonoma,NA,NA,NA
2017,Summer,Jul,Park Fire,1649,Fresno,17,10,35
2017,Summer,Jul,Quail Fire,1626,Kern,NA,NA,NA
2017,Summer,Jun,Hill Fire,1598,San Luis Obispo,NA,NA,NA
2017,Summer,Jul,Derrick Fire,1538,Fresno,NA,NA,NA
2017,Summer,Jun,Highway Fire,1522,Kern,NA,NA,NA
2017,Summer,Jun,Holcomb Fire,1503,San Bernardino,NA,NA,NA
2017,Summer,Jun,Oakwood Fire,1431,Madera,NA,NA,3
2017,Summer,Jul,Garden Fire,1350,Kern,NA,NA,NA
2017,Spring,Apr,Opera Fire,1350,Riverside,NA,NA,NA
2017,Fall,Sep,Caldwell Fire,1319,Kern,NA,NA,NA
2017,Summer,Jul,Latrobe Fire,1286,Sacramento,NA,NA,NA
2017,Summer,Jun,Tarina Fire,1200,Kern,NA,NA,NA
2017,Fall,Oct,Buffalo Fire,1088,San Diego,NA,NA,NA
2017,Summer,Jul,Hudson Fire,1083,Kern,NA,NA,NA
2017,Summer,Aug,Blaine Fire,1044,Riverside,NA,NA,NA
2017,Fall,Sep,Mission Fire,1035,Madera,NA,NA,NA
2017,Summer,Aug,Chilcoot Fire,1020,Plumas,NA,NA,NA
2017,Spring,May,Range Fire,1000,San Diego,NA,NA,NA
2017,Fall,Sep,Berry Fire,995,Shasta,14,1,15
2017,Spring,Apr,El Dorado Fire,976,Fresno,NA,NA,NA
2017,Summer,Jul,Grade Fire,900,Mendocino,NA,NA,NA
2017,Summer,Aug,Beale Fire,867,Yuba,NA,NA,NA
2017,Fall,Oct,Wildomar Fire,866,Riverside,NA,NA,NA
2017,Summer,Aug,Poslin Fire,859,Lassen,NA,NA,NA
2017,Fall,Oct,Lobo Fire (Wind Complex),821,Nevada,NA,NA,NA
2017,Summer,Jun,Lake Fire,800,Los Angeles,NA,NA,NA
2017,Summer,Aug,Yankee Fire,775,San Luis Obispo,NA,NA,NA
2017,Summer,Jun,Placerita Fire,760,Los Angeles,NA,NA,NA
2017,Summer,Jul,Farad Fire,747,Sierra,NA,NA,NA
2017,Summer,Jul,Jacksonville Fire,690,Tuolumne,NA,NA,NA
2017,Fall,Sep,Peak Fire,680,Mariposa,NA,NA,1
2017,Summer,Jun,Mart Fire,670,San Bernardino,NA,NA,NA
2017,Summer,Jun,Ben Fire,630,Mariposa,1,NA,NA
2017,Summer,Jun,Battle Fire,562,Modoc,NA,NA,NA
2017,Summer,Aug,Mias Fire,545,Riverside,NA,NA,NA
2017,Summer,Aug,W-2 Fire,530,Lassen,NA,NA,NA
2017,Spring,May,Ming Fire,506,Kern,NA,NA,NA
2017,Spring,May,Deluz Fire,486,San Diego,NA,NA,NA
2017,Summer,Jul,Fay Fire,469,Siskiyou,NA,NA,NA
2017,Summer,Aug,Red Fire,460,San Luis Obispo,NA,NA,NA
2017,Summer,Jul,Bridge Fire,460,San Bernardino,NA,NA,NA
2017,Summer,Jun,Monterey Fire,450,Fresno,NA,NA,NA
2017,Fall,Sep,Rucker Fire,444,Santa Barbara,NA,NA,NA
2017,Fall,Sep,Eastman Fire,429,Madera,NA,NA,NA
2017,Fall,Oct,Table Fire,426,El Dorado,NA,NA,NA
2017,Winter,Dec,Skirball Fire,422,Los Angeles,NA,NA,NA
2017,Summer,Jul,Elephant Fire,416,Tulare,NA,NA,NA
2017,Summer,Jul,Dode Fire,410,Modoc,NA,NA,NA
2017,Summer,Jul,Jennings Fire,400,San Diego,NA,NA,NA
2017,Spring,May,Sonoma Fire,400,Fresno,NA,NA,NA
2017,Summer,Aug,Pleasant Fire,392,Nevada,1,1,2
2017,Fall,Oct,Bear Fire,391,Santa Cruz,NA,NA,NA
2017,Spring,Apr,West Fire,380,Modoc,NA,NA,NA
2017,Fall,Nov,Chris Fire,370,Mono,NA,NA,NA
2017,Summer,Jul,Willow Fire,370,Contra Costa,NA,NA,NA
2017,Summer,Jun,Creek Fire,357,Fresno,NA,NA,NA
2017,Summer,Jul,Stone Fire,340,San Luis Obispo,NA,NA,NA
2017,Summer,Jun,Dinely Fire,339,Tulare,19,0,30
2017,Summer,Aug,Rose Fire,338,Kern,NA,NA,NA
2017,Summer,Aug,Bryant Fire,325,San Bernardino,NA,NA,NA
2017,Summer,Jul,Marble Fire,319,Del Norte,NA,NA,NA
2017,Winter,Dec,Liberty Fire,300,Riverside,NA,NA,NA
2017,Spring,May,Bravo Fire,288,Kern,NA,NA,NA
2017,Winter,Dec,Little Mountain Fire,260,San Bernardino,NA,NA,NA
2017,Summer,Jul,Lost Fire,255,San Diego,NA,NA,NA
2017,Fall,Sep,Huasna Fire,245,San Luis Obispo,NA,NA,NA
2017,Fall,Sep,Murphy Fire,237,Fresno,NA,NA,NA
2017,Summer,Jul,Largo Fire,236,El Dorado,NA,NA,NA
2017,Summer,Jul,Deer Complex,231,Contra Costa,NA,NA,NA
2017,Summer,Jul,Spring Fire,225,Mariposa,23,NA,41
2017,Spring,May,Camp Fire,225,San Luis Obispo,NA,NA,NA
2017,Spring,May,Arrow Fire,225,San Luis Obispo,NA,NA,NA
2017,Summer,Jun,Bodfish Fire,206,Kern,NA,NA,NA
2017,Summer,Jul,Eagle Fire,205,Riverside,NA,NA,NA
2017,Fall,Sep,Skeleton Fire,200,Lake,NA,NA,NA
2017,Summer,Aug,Range Fire,200,Alameda,NA,NA,NA
2017,Summer,Aug,Eclipse Fire,200,San Diego,NA,NA,NA
2017,Summer,Jul,Rose Fire,200,Riverside,NA,NA,NA
2017,Fall,Oct,Tehama Fire,194,Tehama,NA,NA,NA
2017,Spring,May,Wasioja Fire,190,Santa Barbara,NA,NA,NA
2017,Summer,Aug,Toll Fire,186,Plumas,NA,NA,NA
2017,Summer,Jun,Wild Fire,186,Fresno,NA,NA,NA
2017,Fall,Oct,Rolling Fire,184,Kern,NA,NA,NA
2017,Fall,Oct,Quarry Fire,183,Kern,NA,NA,NA
2017,Summer,Jul,Laverne Fire,180,Shasta,NA,NA,NA
2017,Summer,Jul,High Fire,170,San Bernardino,NA,NA,NA
2017,Summer,Aug,Hills Fire,168,Riverside,NA,NA,NA
2017,Summer,Jun,Evans Fire,168,Sierra,NA,NA,NA
2017,Summer,Jul,Honcut Fire,166,Butte,NA,NA,NA
2017,Summer,Aug,Peg Fire,157,Lassen,NA,NA,NA
2017,Summer,Jun,26 Fire,157,Madera,NA,NA,NA
2017,Fall,Sep,Corral Fire,155,Alameda,NA,NA,NA
2017,Summer,Jul,Hill Fire,155,Siskiyou,NA,NA,NA
2017,Summer,Jun,Smiley Fire,153,Riverside,NA,NA,NA
2017,Fall,Oct,Honey Fire,150,Butte,NA,NA,NA
2017,Summer,Jul,Olive Fire,150,San Luis Obispo,NA,NA,NA
2017,Summer,Jun,Lucy Fire,150,San Luis Obispo,NA,NA,NA
2017,Spring,May,41 Fire,150,Madera,NA,NA,NA
2017,Spring,Apr,Tower Fire,150,San Bernardino,NA,NA,NA
2017,Fall,Oct,River Fire,148,Trinity,NA,NA,NA
2017,Fall,Sep,Grape Fire,146,Mendocino,NA,NA,NA
2017,Fall,Sep,Soda Fire,143,Butte,NA,NA,NA
2017,Summer,Jul,Ranch Fire,140,El Dorado,NA,NA,NA
2017,Fall,Sep,French Fire,136,El Dorado,NA,NA,NA
2017,Summer,Jul,Gorman Fire,135,Los Angeles,NA,NA,NA
2017,Summer,Jun,King Fire,135,Tulare,10,NA,20
2017,Summer,Jun,Skyway Fire,134,Butte,NA,NA,NA
2017,Fall,Oct,Point Fire,130,Calaveras,NA,NA,NA
2017,Fall,Sep,Border Fire,130,San Diego,10,3,20
2017,Spring,May,Olive Fire,130,San Luis Obispo,NA,NA,NA
2017,Summer,Jul,Oak Fire,128,Shasta,NA,NA,NA
2017,Spring,Apr,Tumey Fire,126,Fresno,NA,NA,NA
2017,Summer,Aug,Coronado Fire,125,Mariposa,NA,NA,NA
2017,Summer,Jul,Twist Fire,124,Tuolumne,NA,NA,NA
2017,Summer,Aug,Stewart Fire,122,Riverside,NA,NA,NA
2017,Fall,Sep,Margarita Fire,120,San Luis Obispo,NA,NA,NA
2017,Spring,May,Lamb Fire,120,Riverside,NA,NA,NA
2017,Summer,Jul,Maria Fire,117,Calaveras,NA,NA,NA
2017,Fall,Oct,Fallon Fire,116,Alameda,NA,NA,NA
2017,Summer,Aug,Canyon Fire,114,Napa,1,NA,5
2017,Summer,Aug,Flat Fire,111,Fresno,NA,NA,NA
2017,Summer,Jun,Lone Fire,111,Butte,NA,NA,NA
2017,Fall,Sep,Poly Fire,105,San Luis Obispo,NA,NA,NA
2017,Summer,Jun,Canyon Fire,105,Riverside,NA,NA,NA
2017,Summer,Jul,Humboldt Fire,103,Butte,NA,NA,NA
2017,Summer,Aug,Coalinga Fire,102,Fresno,NA,NA,NA
2017,Summer,Jul,Lariat Fire,101,Santa Clara,NA,NA,NA
2017,Fall,Oct,Church Fire,100,San Diego,NA,NA,NA
2017,Fall,Oct,Oakmont Fire (Central LNU Complex),100,Sonoma,NA,NA,NA
2017,Fall,Oct,Long Fire,100,Lake,NA,NA,NA
2017,Fall,Oct,Timm Fire,100,Solano,NA,NA,NA
2017,Fall,Sep,Bally Fire,100,Santa Clara,NA,NA,NA
2017,Fall,Sep,Parkfield Fire,100,Fresno,NA,NA,NA
2017,Summer,Aug,Tilton Fire,100,Santa Clara,NA,NA,NA
2017,Summer,Jul,Mile Fire,100,San Bernardino,NA,NA,NA
2017,Fall,Nov,Oak Fire,99,San Bernardino,NA,NA,NA
2017,Summer,Aug,Reed Fire,92,Riverside,NA,NA,NA
2017,Summer,Jul,Auberry Fire,91,Fresno,NA,NA,NA
2017,Summer,Jun,Wilbur Fire,91,Butte,NA,NA,NA
2017,Summer,Jul,Daulton Fire,90,Madera,NA,NA,NA
2017,Fall,Oct,Ridge Fire,87,Lake,NA,NA,NA
2017,Fall,Oct,Vista Fire,86,Ventura,NA,NA,NA
2017,Summer,Aug,Marlborough Fire,85,Riverside,NA,NA,NA
2017,Summer,Aug,Saw Fire,85,Humboldt,NA,NA,NA
2017,Summer,Jul,Dollar Fire,85,San Bernardino,NA,NA,NA
2017,Summer,Jun,Ranch Fire,85,Santa Clara,NA,NA,NA
2017,Summer,Aug,Country Fire,82,Monterey,NA,NA,NA
2017,Fall,Oct,Loma Fire,81,San Diego,NA,NA,NA
2017,Winter,Dec,Holiday Fire,80,El Dorado,NA,NA,NA
2017,Fall,Sep,Mills File,79,Plumas,NA,NA,NA
2017,Spring,May,Fountain Fire,79,Tulare,NA,NA,NA
2017,Summer,Jul,Castro Fire,78,Santa Clara,NA,NA,NA
2017,Summer,Jun,Spring Fire,78,Tehama,NA,NA,NA
2017,Fall,Oct,McCourtney Fire (Wind Complex),76,Nevada,NA,NA,NA
2017,Summer,Jun,Tivy Fire,76,Fresno,NA,NA,NA
2017,Fall,Sep,Linne Fire,74,San Luis Obispo,NA,NA,NA
2017,Summer,Jul,Axel Fire,74,El Dorado,2,NA,5
2017,Summer,Jul,Bryant Fire,74,San Bernardino,NA,NA,NA
2017,Fall,Oct,Lynch Fire,73,San Luis Obispo,NA,NA,NA
2017,Summer,Jul,Ellis Fire,72,Riverside,NA,NA,NA
2017,Summer,Aug,Camatta Fire,70,San Luis Obispo,NA,NA,NA
2017,Summer,Jul,Sand Fire,70,Colusa,4,4,10
2017,Summer,Jul,Felipe Fire,70,Santa Clara,NA,NA,NA
2017,Spring,May,Manning Fire,70,Fresno,NA,NA,NA
2017,Summer,Aug,Hill Fire,69,Fresno,NA,NA,NA
2017,Summer,Jun,Clay Fire,68,Sacramento,NA,NA,NA
2017,Summer,Jun,River Fire,67,Lassen,NA,NA,NA
2017,Summer,Jun,Orange Fire,65,Stanislaus,NA,NA,NA
2017,Summer,Jul,Placentia Fire,63,Riverside,NA,NA,NA
2017,Summer,Jun,Westfall Fire,63,Mariposa,NA,NA,NA
2017,Summer,Aug,Montezuma Fire,62,San Diego,NA,NA,NA
2017,Summer,Aug,Bottle Fire,62,Lake,NA,NA,NA
2017,Summer,Jul,Lake Fire,62,Stanislaus,NA,NA,NA
2017,Summer,Jun,Bolla Fire,60,Tehama,NA,NA,NA
2017,Summer,Jul,Fox Fire,59,Tulare,NA,NA,NA
2017,Summer,Jul,Quail Fire,59,Calaveras,NA,NA,NA
2017,Fall,Oct,Silver Fire,58,Fresno,NA,NA,NA
2017,Fall,Sep,Slides Fire,58,Lake,NA,NA,NA
2017,Summer,Jul,Hogback Fire,58,Tulare,NA,NA,NA
2017,Summer,Jul,Tower Fire,58,San Luis Obispo,NA,NA,NA
2017,Summer,Jul,Live Fire,57,Tehama,NA,NA,NA
2017,Summer,Jul,Freedom Fire,57,Fresno,NA,NA,NA
2017,Summer,Jun,Bogus Fire,56,Siskiyou,NA,NA,NA
2017,Fall,Sep,Estate Fire,55,Solano,NA,NA,NA
2017,Summer,Aug,Owens Fire,55,Siskiyou,NA,NA,NA
2017,Summer,Jun,Topanga Fire,55,Los Angeles,NA,NA,NA
2017,Summer,Aug,Bradley Fire,54,Siskiyou,NA,NA,NA
2017,Summer,Jun,Quimby Fire,54,Santa Clara,NA,NA,NA
2017,Summer,Jul,Weller Fire,51,Santa Clara,NA,NA,NA
2017,Fall,Oct,Tank Fire,50,Kern,NA,NA,NA
2017,Fall,Oct,Extension Fire,50,Riverside,NA,NA,NA
2017,Fall,Oct,Wilson Fire,50,Los Angeles,NA,NA,NA
2017,Fall,Sep,Skeggs Fire,50,San Mateo,4,NA,5
2017,Summer,Aug,Calgary Fire,50,Kern,NA,NA,NA
2017,Summer,Jul,Mesa Fire,50,Santa Barbara,NA,NA,NA
2017,Summer,Jul,West Fire,50,Yuba,NA,NA,NA
2017,Summer,Jul,Grade Fire,50,Ventura,NA,NA,NA
2017,Summer,Jul,Lago Fire,50,Riverside,NA,NA,NA
2017,Summer,Jun,Douglas Fire,50,San Diego,NA,NA,NA
2017,Fall,Sep,Power Fire,48,Madera,NA,NA,NA
2017,Spring,May,Serenas Fire,48,Riverside,NA,NA,NA
2017,Fall,Nov,Bitterwater Fire,47,San Benito,NA,NA,NA
2017,Summer,Jul,Zenon Fire,47,San Luis Obispo,NA,NA,NA
2017,Summer,Aug,Canyon Fire,46,Riverside,NA,NA,NA
2017,Summer,Jul,Hidden Fire,46,San Bernardino,NA,NA,NA
2017,Summer,Jun,Whitepine Fire,46,Siskiyou,NA,NA,NA
2017,Winter,Dec,Riverbottom Fire,45,Riverside,NA,NA,NA
2017,Fall,Oct,Pozo Fire,45,San Luis Obispo,NA,NA,NA
2017,Spring,Apr,Grace Fire,45,Shasta,NA,NA,NA
2017,Summer,Aug,Mines Fire,44,Alameda,NA,NA,NA
2017,Fall,Nov,Roser Fire,43,Tehama,NA,NA,NA
2017,Fall,Sep,Pine Fire,43,Monterey,NA,NA,NA
2017,Summer,Jun,Lockwood Fire,42,Monterey,NA,NA,NA
2017,Summer,Jun,Paskenta Fire,42,Tehama,NA,NA,NA
2017,Summer,Jun,Jones Fire,42,Modoc,NA,NA,NA
2017,Summer,Aug,Ward Fire,41,Siskiyou,NA,NA,NA
2017,Summer,Jun,Stokes Fire,41,Los Angeles,NA,NA,NA
2017,Spring,May,Feed Fire,41,Kern,NA,NA,NA
2017,Winter,Dec,Riverdale Fire,40,Riverside,NA,NA,NA
2017,Fall,Nov,Palm Fire,40,Riverside,NA,NA,NA
2017,Fall,Oct,Freeway Fire,40,San Bernardino,NA,NA,NA
2017,Fall,Oct,Jones Fire,40,Shasta,NA,NA,NA
2017,Fall,Sep,Lakewood Fire,40,Kern,NA,NA,NA
2017,Fall,Sep,Hole Fire,40,Del Norte,NA,NA,NA
2017,Summer,Aug,Translator Fire,40,Humboldt,NA,NA,NA
2017,Summer,Aug,Vestal Fire,40,Tehama,NA,NA,NA
2017,Summer,Jul,Murphy Fire,40,Lake,NA,NA,NA
2017,Summer,Jul,Reservation Fire,40,Monterey,NA,NA,NA
2017,Fall,Sep,Table Fire,39,Tuolumne,NA,NA,NA
2017,Summer,Jul,Spenceville Fire,39,Yuba,NA,NA,NA
2017,Summer,Jun,Toll Fire,39,Solano,NA,NA,NA
2017,Summer,Jun,Pine Fire,38,Marin,NA,NA,NA
2017,Summer,Jun,Red Fire,38,Tuolumne,NA,NA,NA
2017,Fall,Oct,Bridge Fire,37,Shasta,NA,NA,NA
2017,Summer,Jul,Banderilla Fire,36,Mariposa,NA,NA,NA
2017,Summer,Jun,Black Fire,36,San Diego,NA,NA,NA
2017,Fall,Sep,Melba Fire,35,Riverside,NA,NA,NA
2017,Summer,Jul,Spaletta Fire,35,Marin,NA,NA,NA
2017,Summer,Jul,Jurupa Fire,35,Riverside,NA,NA,NA
2017,Summer,Jun,Latrobe Fire,35,Sacramento,NA,NA,NA
2017,Summer,Jun,Breckenridge Fire,35,Kern,NA,NA,NA
2017,Spring,May,Smiley Fire,35,Riverside,NA,NA,NA
2017,Winter,Dec,Meyers Fire,34,San Bernardino,NA,NA,NA
2017,Fall,Sep,Ellie Fire,34,Riverside,NA,NA,NA
2017,Summer,Aug,Miller Fire,34,Humboldt,NA,NA,NA
2017,Summer,Jul,Valley Fire,34,San Benito,NA,NA,NA
2017,Summer,Jul,Christmas Fire,33,Riverside,NA,NA,NA
2017,Summer,Jun,Valley Fire,33,Riverside,NA,NA,NA
2017,Summer,Jun,Creek Fire,33,Kern,NA,NA,NA
2017,Summer,Aug,Sandy Fire,32,Trinity,NA,NA,NA
2017,Summer,Jul,Washington Fire,32,Riverside,NA,NA,NA
2017,Summer,Jun,Shore Fire,32,Monterey,NA,NA,NA
2017,Summer,Jun,Pleyto Fire,32,Monterey,NA,NA,NA
2017,Fall,Oct,York Fire,31,Monterey,NA,NA,NA
2017,Summer,Aug,Juniper Fire,31,Fresno,NA,NA,NA
2017,Spring,May,Hub Fire,31,Kern,NA,NA,NA
2017,Summer,Aug,Castaic Fire,30,Los Angeles,NA,NA,NA
2017,Summer,Aug,Blocksburg Fire,30,Humboldt,NA,NA,NA
2017,Summer,Jul,Timber Fire,30,Riverside,NA,NA,NA
2017,Fall,Oct,Ice Fire,29,El Dorado,NA,NA,NA
2017,Summer,Jul,Benson Fire,29,Tehama,NA,NA,NA
2017,Fall,Sep,32 Fire,28,Butte,NA,NA,NA
2017,Summer,Aug,4-4 Fire,28,Modoc,NA,NA,NA
2017,Summer,Jun,Shore Fire,28,Del Norte,NA,NA,NA
2017,Summer,Jun,Nuevo Fire,28,Riverside,NA,NA,NA
2017,Summer,Aug,4-10 Fire,27,Modoc,NA,NA,NA
2017,Summer,Jun,Vernon Fire,27,Riverside,NA,NA,NA
2017,Fall,Sep,Jasper Fire,26,Yuba,NA,NA,NA
2017,Summer,Jun,Trellis Fire,26,Riverside,NA,NA,NA
2017,Summer,Jun,Fairview Fire,26,Riverside,NA,NA,NA
2017,Fall,Oct,Wilson Fire,25,San Diego,NA,NA,NA
2017,Fall,Sep,Cove Fire,25,San Luis Obispo,NA,NA,NA
2017,Fall,Sep,Border 9 Fire,25,San Diego,NA,NA,NA
2017,Fall,Sep,Hopper Fire,25,Shasta,NA,NA,NA
2017,Summer,Jun,Sloane Fire,25,San Diego,NA,NA,NA
2017,Summer,Jun,Road Fire,25,Madera,NA,NA,NA
2017,Summer,Jun,5 Fire,25,Los Angeles,NA,NA,NA
2017,Spring,May,Ribbonwood Fire,25,San Diego,NA,NA,NA
2017,Fall,Oct,Portola Fire,23,Riverside,NA,NA,NA
2017,Fall,Sep,Edwards Fire,22,Alameda,NA,NA,NA
2017,Summer,Jul,Gold Fire,22,Calaveras,NA,NA,NA
2017,Summer,Jun,Refuge Fire,22,Napa,4,2,6
2017,Fall,Oct,Soda Fire,21,San Luis Obispo,NA,NA,NA
2017,Fall,Sep,Mule Fire,21,Lake,NA,NA,NA
2017,Summer,Jul,Globe Fire,21,Tulare,NA,NA,NA
2017,Summer,Jun,Highway Fire,21,Butte,NA,NA,NA
2017,Summer,Jun,Platina Fire,21,Shasta,NA,NA,NA
2017,Spring,May,Bitterwater Fire,21,San Benito,NA,NA,NA
2017,Fall,Oct,Blue Fire,20,Humboldt,NA,NA,NA
2017,Fall,Oct,Fort Fire,20,Sonoma,NA,NA,NA
2017,Fall,Oct,36 Fire,20,Tehama,NA,NA,NA
2017,Summer,Aug,Falls Fire,20,Tuolumne,NA,NA,NA
2017,Summer,Jul,Seine Fire,20,San Bernardino,NA,NA,NA
2017,Summer,Jul,Range Fire,20,Mendocino,NA,NA,NA
2017,Summer,Jun,Reed Fire,20,Riverside,NA,NA,NA
2017,Summer,Jun,Fish Fire,20,Contra Costa,NA,NA,NA
2017,Spring,May,City Fire,20,Kings,NA,NA,NA
2017,Spring,May,Nacimiento Fire,20,Monterey,NA,NA,NA
2017,Winter,Dec,Longhorn Fire,19,Riverside,NA,NA,NA
2017,Fall,Oct,Garden Fire,19,Nevada,NA,NA,NA
2017,Summer,Aug,Nuevo Fire,19,Riverside,NA,NA,NA
2017,Summer,Aug,Sway Fire,19,Humboldt,NA,NA,NA
2017,Summer,Jul,Willms Fire,19,Stanislaus,NA,NA,NA
2017,Summer,Jun,King Fire,19,Siskiyou,NA,NA,NA
2017,Spring,May,Fay Fire,19,Kern,NA,NA,NA
2017,Summer,Aug,Bodega Fire,18,Sonoma,NA,NA,NA
2017,Summer,Jul,Lakeland Fire,18,Butte,NA,NA,NA
2017,Spring,May,Panoche Fire,18,Fresno,NA,NA,NA
2017,Spring,May,Pine Fire,18,Monterey,NA,NA,NA
2017,Fall,Oct,Ramblin Fire,17,Mariposa,NA,NA,NA
2017,Summer,Aug,Corner Fire,17,Shasta,1,NA,2
2017,Summer,Jul,Sky Fire,17,Shasta,NA,NA,NA
2017,Spring,May,Rocky Fire,17,San Luis Obispo,NA,NA,NA
2017,Spring,May,Lonoak Fire,17,Monterey,NA,NA,NA
2017,Spring,May,Canyon Fire,17,Riverside,NA,NA,NA
2017,Summer,Jun,Elk Fire,16,Kern,NA,NA,NA
2017,Spring,May,Matz Fire,16,San Bernardino,NA,NA,NA
2017,Spring,May,Rusty Fire,16,Fresno,NA,NA,NA
2017,Summer,Aug,Paskenta Fire,15,Tehama,NA,NA,NA
2017,Summer,Jul,Greenhorn Fire,15,Nevada,NA,NA,NA
2017,Summer,Jul,Centerville Fire,15,Modoc,NA,NA,NA
2017,Summer,Jun,Alvarado Fire,15,Monterey,NA,NA,NA
2017,Spring,May,Lombardi Fire,15,Calaveras,NA,NA,NA
2017,Spring,Apr,66 Fire,15,Riverside,NA,NA,NA
2017,Winter,Dec,Drum Fire,14,Santa Barbara,NA,NA,NA
2017,Winter,Dec,Coast Fire,14,Santa Barbara,NA,NA,NA
2017,Summer,Jul,Desabla Fire,14,Butte,NA,NA,NA
2017,Summer,Jun,Hog Fire,14,Monterey,NA,NA,NA
2017,Spring,May,Moraga Fire,14,Riverside,NA,NA,NA
2017,Fall,Oct,Milton Fire,13,Stanislaus,NA,NA,NA
2017,Summer,Jul,Woodland Fire,13,El Dorado,NA,NA,NA
2017,Summer,Jul,Rosado Fire,13,El Dorado,NA,NA,NA
2017,Summer,Jul,Silver Fire,13,San Bernardino,NA,NA,NA
2017,Fall,Sep,Pacific Fire,12,Butte,NA,NA,NA
2017,Summer,Jun,Dehesa Fire,12,San Diego,NA,NA,NA
2017,Spring,May,Shandon Fire,12,San Luis Obispo,NA,NA,NA
2017,Spring,Apr,Jameson Fire,12,Riverside,NA,NA,NA
2017,Winter,Dec,Taglio Fire,12,Merced,NA,NA,NA
2017,Summer,Jul,Independence Fire,11,Sonoma,NA,NA,NA
2017,Summer,Jul,Lisa Fire,11,Riverside,NA,NA,NA
2017,Fall,Oct,Freeway Fire,10,Tehama,NA,NA,NA
2017,Fall,Sep,Dexter Fire,10,Mariposa,NA,NA,NA
2017,Fall,Sep,Shaver Fire,10,Fresno,NA,NA,NA
2017,Summer,Aug,Sandra Fire,10,Amador,NA,NA,NA
2017,Summer,Aug,Rincon Fire,10,Los Angeles,NA,NA,NA
2017,Summer,Jul,Grizzly Fire,10,Nevada,NA,NA,NA
2017,Summer,Jul,North Fire,10,Shasta,NA,NA,NA
2017,Summer,Jul,Navajo Fire,10,Riverside,NA,NA,NA
2017,Summer,Jul,Rebie Fire,10,Butte,NA,NA,NA
2017,Summer,Jul,Canyon Fire,10,Riverside,NA,NA,NA
2017,Summer,Jul,Brewer Fire,10,Nevada,NA,NA,NA
2017,Summer,Jun,Lambs Fire,10,Riverside,NA,NA,NA
2017,Summer,Jun,Springs Fire,10,Riverside,NA,NA,NA
2017,Summer,Jun,Pine Fire,10,Kern,NA,NA,NA
2017,Summer,Jun,Shirleon Fire,10,Riverside,NA,NA,NA
2017,Spring,May,Twenty Fire,10,Yuba,NA,NA,NA
2017,Spring,May,Champagne Fire,10,Kern,NA,NA,NA
2017,Spring,May,Moreno Fire,10,Riverside,NA,NA,NA
2017,Spring,Apr,Soledad Fire,10,Monterey,NA,NA,NA
2017,Fall,Oct,Pressley Fire (Central LNU Complex),0,Sonoma,NA,NA,NA
2017,Fall,Oct,Partrick Fire (Central LNU Complex),0,Napa,NA,NA,NA
2017,Fall,Sep,Rattlesnake Fire,0,Mariposa,NA,NA,NA
2017,Summer,Jul,Clear Complex (merged into Eclipse Complex),0,Siskiyou,NA,NA,NA
2017,Summer,Jul,Warner Mountain Lightning,0,Modoc,NA,NA,NA
2017,Summer,Jul,Creek Fire,0,Glenn,NA,NA,NA
2017,Summer,Jul,Antelope Fire,0,Lassen,NA,NA,NA
2017,Summer,Jul,Klamath Fire,0,Siskiyou,NA,NA,NA
2017,Summer,Jun,Cristianitos Fire,0,San Diego,NA,NA,NA
2017,Summer,Jun,Salmon-August Complex,0,Siskiyou,NA,NA,NA
2017,Summer,Jun,King Incident,0,Tulare,NA,NA,NA
2017,Spring,May,Range Fire,0,San Luis Obispo,NA,NA,NA
2017,Winter,Feb,Oroville Spillway,0,Butte,NA,NA,NA
2018,Summer,Jul,Ranch Fire (Mendocino Complex),410203,Colusa,NA,NA,NA
2018,Summer,Jul,Carr Fire,229651,Shasta,5,48,11
2018,Fall,Nov,Camp Fire,153336,Butte,11,3,73
2018,Fall,Nov,Woolsey Fire,96949,Los Angeles,NA,NA,NA
2018,Summer,Jul,Ferguson Fire,96901,Mariposa,NA,NA,NA
2018,Summer,Jun,County Fire,90288,Napa,NA,NA,NA
2018,Fall,Sep,Delta Fire,63311,Shasta,NA,NA,NA
2018,Summer,Jul,River Fire (Mendocino Complex),48920,Colusa,58,76,256
2018,Summer,Aug,Hirz Fire,46150,Shasta,NA,NA,NA
2018,Summer,Aug,Stone Fire,39387,Modoc,NA,NA,NA
2018,Summer,Jul,Klamathon Fire,38008,Siskiyou,6,4,12
2018,Summer,Aug,Donnell Fire,36450,Tuolumne,NA,NA,NA
2018,Summer,Aug,Holy Fire,23136,Orange,NA,NA,NA
2018,Summer,Jul,Whaleback Fire,18703,Lassen,NA,NA,NA
2018,Summer,Jun,Pawnee Fire,15185,Lake,NA,NA,NA
2018,Summer,Jul,Cranston Fire,13139,Riverside,NA,NA,NA
2018,Summer,Jun,Waverly Fire,12300,San Joaquin,NA,NA,NA
2018,Fall,Sep,Boot Fire,6974,Mono,NA,NA,NA
2018,Summer,Jun,Planada Fire,4564,Merced,NA,NA,NA
2018,Fall,Nov,Hill Fire,4531,Ventura,NA,NA,NA
2018,Fall,Oct,Branscombe Fire,4500,Solano,NA,NA,NA
2018,Summer,Jun,Lions Fire,4064,Madera,NA,NA,NA
2018,Fall,Oct,Sun Fire,3889,Tehama,NA,NA,NA
2018,Summer,Jun,Lane Fire,3716,Tehama,NA,NA,NA
2018,Summer,Aug,Mill Creek 1 Fire,3674,Humboldt,NA,NA,NA
2018,Fall,Sep,Charlie Fire,3380,Los Angeles,NA,NA,NA
2018,Summer,Aug,Five Fire,2995,Kings,NA,NA,NA
2018,Summer,Jun,Apple Fire,2956,Tehama,NA,NA,NA
2018,Summer,Aug,Tarina Fire,2950,Kern,NA,NA,NA
2018,Summer,Jul,Georges Fire,2883,Inyo,20,3,22
2018,Fall,Sep,Snell Fire,2490,Napa,NA,NA,NA
2018,Summer,Jun,Chrome Fire,2290,Glenn,NA,NA,NA
2018,Summer,Aug,Turkey Fire,2225,Monterey,NA,NA,NA
2018,Summer,Aug,Nelson Fire,2162,Solano,4,2,11
2018,Summer,Jul,Eagle Fire,2100,Modoc,NA,NA,NA
2018,Winter,Feb,Pleasant Fire,2070,Inyo,NA,NA,NA
2018,Summer,Aug,Hat Fire,1900,Shasta,NA,NA,NA
2018,Spring,May,Nees Fire,1756,Merced,NA,NA,NA
2018,Fall,Sep,Kerlin Fire,1751,Trinity,NA,NA,NA
2018,Summer,Jun,Creek Fire,1678,Shasta,NA,NA,NA
2018,Fall,Nov,Nurse Fire,1500,Solano,NA,NA,NA
2018,Summer,Jun,Yankee Fire,1500,San Luis Obispo,NA,NA,NA
2018,Summer,Jun,Stone Fire,1352,Los Angeles,NA,NA,NA
2018,Summer,Jul,Valley Fire,1350,San Bernardino,NA,NA,NA
2018,Summer,Jun,Airline Fire,1314,San Benito,NA,NA,NA
2018,Spring,Apr,Moffat Fire,1265,Inyo,12,1,17
2018,Spring,May,Patterson Fire,1261,Riverside,NA,NA,NA
2018,Summer,Jul,Butte Fire,1200,Sutter,NA,NA,NA
2018,Fall,Sep,North Fire,1120,Placer,NA,NA,NA
2018,Summer,Aug,Front Fire,1014,Santa Barbara,NA,NA,NA
2018,Summer,Jul,Breckenridge Fire,993,Kern,NA,NA,NA
2018,Summer,Jul,Eel Fire,972,Mendocino,NA,NA,NA
2018,Summer,Jul,Stoney Fire,962,Butte,NA,NA,NA
2018,Summer,Jul,Dale Fire,856,Tehama,NA,NA,NA
2018,Summer,Jul,Irish Fire,825,Amador,4,2,15
2018,Summer,Jul,Eighty Eight Fire,822,Yolo,NA,NA,NA
2018,Summer,Aug,Sunset Fire,700,Placer,NA,NA,NA
2018,Summer,Aug,River Fire,668,Tulare,NA,NA,NA
2018,Summer,Aug,Gulch Fire,650,Monterey,NA,NA,NA
2018,Summer,Jun,Tumbleweed Fire,646,Lassen,NA,NA,NA
2018,Summer,Jul,Grant Fire,640,Alameda,NA,NA,NA
2018,Fall,Sep,Tulloch Fire,573,Tuolumne,NA,NA,NA
2018,Fall,Oct,June Fire,550,Butte,NA,NA,NA
2018,Summer,Jun,Eastern Fire,513,San Benito,NA,NA,NA
2018,Summer,Jul,West Fire,504,San Diego,NA,NA,NA
2018,Spring,May,Grant Fire,484,Alameda,NA,NA,NA
2018,Summer,Jun,Hyatt Fire,441,Lassen,NA,NA,NA
2018,Fall,Sep,Metz Fire,400,Monterey,NA,NA,NA
2018,Summer,Jun,San Ardo,375,Monterey,NA,NA,NA
2018,Summer,Aug,Call Fire,367,Kern,NA,NA,NA
2018,Summer,Jul,Pasqual Fire,365,San Diego,NA,NA,NA
2018,Fall,Sep,Oak Fire,360,Madera,NA,NA,NA
2018,Summer,Jun,Shippee Fire,347,Butte,NA,NA,NA
2018,Summer,Jul,Owens Fire,338,Inyo,NA,NA,NA
2018,Summer,Jun,Bascom Fire,328,Shasta,NA,NA,NA
2018,Summer,Jul,Country Fire,320,Santa Clara,1,NA,5
2018,Summer,Jul,Shingle Fire,316,El Dorado,NA,NA,NA
2018,Summer,Jun,Flat Fire,300,Trinity,NA,NA,NA
2018,Summer,Jun,ONeals Fire,300,Madera,NA,NA,NA
2018,Spring,May,Alpha Fire,300,San Diego,NA,NA,NA
2018,Spring,May,Twisselman Fire,293,Kern,NA,NA,NA
2018,Summer,Aug,South Fire,290,Calaveras,NA,NA,NA
2018,Summer,Aug,Eastman Fire,289,Madera,NA,NA,NA
2018,Summer,Jul,Skyline Fire,282,Riverside,NA,NA,NA
2018,Summer,Jul,Panoche Fire,278,San Benito,NA,NA,NA
2018,Summer,Jun,Valley Fire,268,Contra Costa,NA,NA,NA
2018,Summer,Jun,Stoll Fire,268,Tehama,NA,NA,NA
2018,Summer,Jun,Recycle Fire,265,San Diego,NA,NA,NA
2018,Fall,Sep,Wilson Fire,261,Tehama,NA,NA,NA
2018,Summer,Jun,Fox Fire,260,San Luis Obispo,NA,NA,NA
2018,Spring,Mar,Santa Cruz Fire,258,Santa Barbara,NA,NA,NA
2018,Summer,Aug,Rangeland Fire,250,San Diego,NA,NA,NA
2018,Summer,Jul,Marsh Fire,247,Contra Costa,NA,NA,NA
2018,Summer,Jul,Steamboat Fire,224,Siskiyou,NA,NA,NA
2018,Summer,Jul,Petersburg Fire,215,Siskiyou,NA,NA,NA
2018,Summer,Jun,Beaver Fire,215,San Benito,NA,NA,NA
2018,Summer,Jul,Rock Fire,207,San Diego,NA,NA,NA
2018,Summer,Jul,Ribbon Fire,205,Riverside,NA,NA,NA
2018,Fall,Sep,Water Fire,200,Kern,NA,NA,NA
2018,Summer,Jun,Bear Fire,200,Merced,NA,NA,NA
2018,Summer,Jul,Par Fire,191,Butte,NA,NA,NA
2018,Fall,Nov,Peak Fire,186,Ventura,NA,NA,NA
2018,Summer,Jun,Dinosaur Fire,185,Merced,NA,NA,NA
2018,Summer,Jun,South Fire,175,Los Angeles,NA,NA,NA
2018,Summer,Jun,Aliso Fire,175,Orange,NA,NA,NA
2018,Fall,Sep,Ogilvy Fire,172,Santa Barbara,NA,NA,NA
2018,Summer,Jun,Sierra Fire,170,Tehama,NA,NA,NA
2018,Fall,Oct,Priest Fire,167,Monterey,NA,NA,NA
2018,Summer,Jul,Roxie Fire (Formerly 1-1 Fire),167,Lassen,NA,NA,NA
2018,Fall,Sep,Fork Fire,166,Los Angeles,NA,NA,NA
2018,Summer,Jun,Flat Fire,163,Tuolumne,NA,NA,NA
2018,Fall,Oct,Winters Fire,160,Solano,NA,NA,NA
2018,Summer,Aug,Gorge Fire,155,Shasta,NA,NA,NA
2018,Summer,Jun,Santiago Fire,155,Orange,NA,NA,NA
2018,Summer,Jun,Euclid Fire,154,Riverside,NA,NA,NA
2018,Fall,Sep,Irving Fire,152,Marin,NA,NA,NA
2018,Fall,Nov,Briggs Fire,150,Ventura,NA,NA,NA
2018,Fall,Oct,Nacimiento Fire,150,Monterey,NA,NA,NA
2018,Fall,Sep,Sliger Fire,150,El Dorado,12,1,30
2018,Fall,Nov,Sierra Fire,147,San Bernardino,NA,NA,NA
2018,Summer,Aug,Parrots Fire,136,Calaveras,NA,NA,NA
2018,Summer,Jul,Steele Fire,135,Napa,NA,NA,NA
2018,Summer,Jul,Pico Fire,128,Los Angeles,NA,NA,NA
2018,Summer,Jun,Open Fire,127,Glenn,NA,NA,NA
2018,Spring,May,Shastina Fire,127,Siskiyou,NA,NA,NA
2018,Summer,Aug,Sterling,125,San Bernardino,NA,NA,NA
2018,Fall,Oct,Market Fire,120,Tulare,NA,NA,NA
2018,Summer,Aug,Murphy Fire,117,Plumas,NA,NA,NA
2018,Summer,Jul,Idria Fire,116,San Benito,NA,NA,NA
2018,Summer,Jul,Bridle Fire,116,Santa Clara,NA,NA,NA
2018,Summer,Jun,Wheeler Fire,115,Mariposa,NA,NA,NA
2018,Summer,Aug,Pine Fire,114,Kern,NA,NA,NA
2018,Summer,Jul,Holiday Fire,113,Santa Barbara,NA,NA,NA
2018,Summer,Jul,Windmill Fire,110,Santa Barbara,NA,NA,NA
2018,Spring,May,Cobble Fire,108,Fresno,NA,NA,NA
2018,Summer,Aug,Western Fire,106,Mendocino,NA,NA,NA
2018,Summer,Aug,Cache Fire,103,Lake,NA,NA,NA
2018,Spring,May,Jelly Fire,103,Tehama,NA,NA,NA
2018,Summer,Aug,Cloverdale Fire,100,San Diego,NA,NA,NA
2018,Summer,Jul,Balch Fire,100,Tulare,NA,NA,NA
2018,Summer,Jul,Box Fire,100,San Bernardino,NA,NA,NA
2018,Spring,May,Water Fire,100,San Luis Obispo,NA,NA,NA
2018,Summer,Jun,Sam Fire,96,Monterey,NA,NA,NA
2018,Summer,Jun,Sheep Fire,95,Kern,NA,NA,NA
2018,Summer,Jul,Peach Fire,90,Mendocino,NA,NA,NA
2018,Summer,Jul,3-16 Fire,89,Lassen,NA,NA,NA
2018,Fall,Nov,Horn Fire,88,Lassen,NA,NA,NA
2018,Summer,Aug,Redinger Fire,88,Madera,NA,NA,NA
2018,Spring,May,Plaza Fire,88,Merced,NA,NA,NA
2018,Fall,Sep,Shandon Fire,80,San Luis Obispo,NA,NA,NA
2018,Summer,Jul,Spring 2 Fire,80,Lake,NA,NA,NA
2018,Summer,Jun,Horse Fire,80,Calaveras,NA,NA,NA
2018,Summer,Jul,Cruces Fire,77,Santa Barbara,NA,NA,NA
2018,Fall,Sep,Silver Fire,76,Shasta,NA,NA,NA
2018,Summer,Jun,Anchor Fire,76,Fresno,NA,NA,NA
2018,Summer,Jul,Stony Fire,75,Colusa,NA,NA,NA
2018,Spring,May,Chrome Fire,75,Glenn,NA,NA,NA
2018,Spring,Apr,Main Fire,73,Riverside,NA,NA,NA
2018,Summer,Jul,Curie Fire,70,Santa Clara,NA,NA,NA
2018,Summer,Jun,Tesla Fire,70,Santa Clara,NA,NA,NA
2018,Summer,Jun,Spring Fire,70,Tehama,NA,NA,NA
2018,Spring,May,Tornado Fire,70,Riverside,NA,NA,NA
2018,Summer,Jun,Romero Fire,68,Merced,NA,NA,NA
2018,Summer,Aug,Bumper Fire,67,El Dorado,NA,NA,1
2018,Summer,Jul,Heart Fire,67,Mendocino,NA,NA,NA
2018,Summer,Aug,Omega Fire,66,El Dorado,NA,NA,1
2018,Summer,Jun,Panoche Fire,64,San Benito,NA,NA,NA
2018,Fall,Oct,Park Fire,63,Santa Clara,NA,NA,NA
2018,Summer,Jul,Highland Fire,63,Shasta,4,NA,7
2018,Summer,Jul,Benton Fire,63,Riverside,NA,NA,NA
2018,Summer,Jun,Cherry Fire,63,Siskiyou,NA,NA,NA
2018,Spring,May,Stuhr Fire,63,Stanislaus,NA,NA,NA
2018,Summer,Jul,Lebec Fire,62,Kern,NA,NA,NA
2018,Summer,Jun,Canyon Fire,62,Los Angeles,NA,NA,NA
2018,Summer,Jun,Liberty Fire,62,San Joaquin,NA,NA,NA
2018,Fall,Nov,Adams Fire,60,Tehama,NA,NA,NA
2018,Summer,Aug,Grade Fire,60,Lake,NA,NA,NA
2018,Summer,Jun,Raymond Fire,60,Madera,NA,NA,NA
2018,Summer,Jun,Creston FIre,60,San Luis Obispo,NA,NA,NA
2018,Summer,Jun,Vista Fire,60,San Luis Obispo,NA,NA,NA
2018,Spring,May,Happy Fire,60,Santa Barbara,NA,NA,NA
2018,Spring,May,Agua Fire,59,San Diego,NA,NA,NA
2018,Fall,Oct,Camino Fire,58,San Luis Obispo,NA,NA,NA
2018,Summer,Jul,3-10 Fire,56,Lassen,NA,NA,NA
2018,Summer,Jul,Bruce Fire,56,Contra Costa,NA,NA,NA
2018,Spring,May,Experimental Fire,56,Madera,NA,NA,NA
2018,Fall,Sep,Keenbrook Fire,53,San Bernardino,NA,NA,NA
2018,Fall,Sep,Copper Fire,53,Lassen,NA,NA,NA
2018,Summer,Jun,Boyer Fire,53,Mariposa,NA,NA,NA
2018,Summer,Jul,Kelley Fire,52,Modoc,NA,NA,NA
2018,Fall,Sep,Reservoir Fire,51,San Luis Obispo,NA,NA,NA
2018,Summer,Jul,Crestline Fire,51,Shasta,7,NA,24
2018,Summer,Jul,Hale Fire,51,Santa Clara,NA,NA,NA
2018,Summer,Jul,Carder Fire,50,Lake,NA,NA,NA
2018,Summer,Jul,Tuscan Fire,50,Tehama,NA,NA,NA
2018,Winter,Feb,Haycamp Fire,50,Monterey,NA,NA,NA
2018,Summer,Aug,Castro Fire,48,Alameda,NA,NA,NA
2018,Summer,Jul,Buckingham Fire,45,Contra Costa,NA,NA,NA
2018,Winter,Dec,Bridge Fire,45,Marin,NA,NA,NA
2018,Summer,Jul,Simmons Fire,43,Butte,9,2,12
2018,Summer,Jul,Martinez Fire,40,Riverside,NA,NA,NA
2018,Summer,Jul,Ben Fire,40,Mariposa,NA,NA,NA
2018,Summer,Jun,Iron Fire,40,Contra Costa,NA,NA,NA
2018,Summer,Jun,Oregon Fire,40,Butte,NA,NA,NA
2018,Summer,Jul,Hidden Fire,39,San Benito,NA,NA,NA
2018,Fall,Oct,Masonic Fire,38,Shasta,NA,NA,NA
2018,Summer,Jun,Adobe Fire,38,San Diego,NA,NA,NA
2018,Summer,Jul,Mustang Fire,37,San Luis Obispo,NA,NA,NA
2018,Summer,Jun,Martin Fire,37,Siskiyou,NA,NA,NA
2018,Fall,Sep,Ridge Fire,36,Lake,NA,NA,NA
2018,Summer,Aug,Winchester Fire,36,Riverside,NA,NA,NA
2018,Fall,Nov,Brushy Fire,35,Mendocino,NA,NA,NA
2018,Summer,Aug,Terra Fire,35,Riverside,NA,NA,NA
2018,Summer,Jul,Corner Fire,35,Shasta,NA,NA,NA
2018,Summer,Jun,Fairview Fire,35,San Benito,NA,NA,NA
2018,Summer,Aug,Marcel Fire,34,Kern,NA,NA,NA
2018,Summer,Jul,Patterson Fire,34,Alameda,NA,NA,NA
2018,Summer,Jul,Horse Creek Fire,34,Tulare,NA,NA,NA
2018,Fall,Sep,Nimshew Fire,33,Butte,4,2,5
2018,Summer,Jul,Lariat Fire,33,Tehama,NA,NA,NA
2018,Summer,Jun,Creek Fire,33,San Bernardino,NA,NA,NA
2018,Winter,Feb,Wilcox Fire,33,Tulare,NA,NA,NA
2018,Fall,Oct,Eagle Fire,32,Fresno,NA,NA,NA
2018,Summer,Aug,Country Fire,32,Riverside,NA,NA,NA
2018,Summer,Jul,3-18 Fire,32,Lassen,NA,NA,NA
2018,Summer,Jun,Creek Fire,32,Lake,NA,NA,NA
2018,Summer,Jul,Vista Fire,31,Shasta,NA,NA,NA
2018,Fall,Sep,Quimby Fire,30,Santa Clara,NA,NA,NA
2018,Summer,Aug,Alhambra Fire,30,Contra Costa,NA,NA,NA
2018,Summer,Aug,Creek Fire,30,Alameda,NA,NA,NA
2018,Summer,Jul,Sobrante Fire,30,Riverside,NA,NA,NA
2018,Summer,Jul,Rock Fire,30,San Luis Obispo,NA,NA,NA
2018,Summer,Jun,Grant Fire,30,Sacramento,NA,NA,NA
2018,Spring,Apr,Aqueduct Fire,30,Fresno,NA,NA,NA
2018,Summer,Jul,Border Fire,28,San Diego,NA,NA,NA
2018,Spring,May,Ager Fire,27,Siskiyou,NA,NA,NA
2018,Spring,May,White Fire,26,Tulare,NA,NA,NA
2018,Fall,Sep,Soboba Fire,25,Riverside,NA,NA,NA
2018,Summer,Jun,Willow Fire,25,Contra Costa,NA,NA,NA
2018,Spring,May,Vineyard Fire,25,San Luis Obispo,NA,NA,NA
2018,Fall,Sep,Kelsey Fire,24,Lake,NA,NA,NA
2018,Summer,Aug,Land Fire,23,Riverside,NA,NA,NA
2018,Summer,Jun,Glen Fire,23,Contra Costa,NA,NA,NA
2018,Summer,Jun,Plymire Fire,23,Tehama,NA,NA,NA
2018,Summer,Aug,Wagner Fire,22,Mariposa,NA,NA,NA
2018,Spring,Apr,Meadow Fire,21,Riverside,NA,NA,NA
2018,Fall,Nov,Morgan Fire,20,Contra Costa,NA,NA,NA
2018,Fall,Nov,Niles Fire,20,Alameda,NA,NA,NA
2018,Summer,Jul,Church Fire,20,Santa Clara,NA,NA,NA
2018,Summer,Jun,Vallecitos Fire,20,Alameda,NA,NA,NA
2018,Summer,Jun,Bridle Fire,20,Riverside,NA,NA,NA
2018,Summer,Jun,70 Fire,20,Butte,NA,NA,NA
2018,Summer,Jun,Portola Fire,20,Los Angeles,NA,NA,NA
2018,Spring,Apr,French Fire,20,Plumas,NA,NA,NA
2018,Spring,May,Jacques Fire,18,San Diego,NA,NA,NA
2018,Spring,Apr,Lago Fire,18,Riverside,NA,NA,NA
2018,Fall,Nov,Rincon Fire,17,Santa Cruz,NA,NA,NA
2018,Summer,Jun,China Fire,17,Amador,NA,NA,NA
2018,Summer,Jun,Ethanac Fire,17,Riverside,NA,NA,NA
2018,Summer,Aug,Oak Fire,16,Nevada,NA,NA,NA
2018,Summer,Jul,Johnson Fire,16,Humboldt,NA,NA,NA
2018,Spring,May,Keeler Fire,16,Santa Clara,NA,NA,NA
2018,Fall,Oct,Iron Gate Fire,15,Siskiyou,NA,NA,NA
2018,Fall,Sep,Essex Fire,15,Modoc,NA,NA,NA
2018,Spring,May,Woodchuck Fire,15,Riverside,NA,NA,NA
2018,Spring,Apr,Tyler Fire,15,Riverside,2,1,18
2018,Summer,Aug,Casner Fire,14,San Diego,NA,NA,NA
2018,Summer,Jul,Camp Fire,14,San Luis Obispo,NA,NA,NA
2018,Summer,Jul,3-2 Fire,14,Lassen,NA,NA,NA
2018,Summer,Jun,Madison FIre,14,Yolo,NA,NA,NA
2018,Fall,Sep,Ranchera Fire,13,Shasta,NA,NA,NA
2018,Summer,Jul,Cinnamon Fire,13,San Diego,3,NA,10
2018,Summer,Jun,Coldwell Fire,13,Fresno,NA,NA,NA
2018,Fall,Oct,Tower Fire,12,Shasta,NA,NA,NA
2018,Fall,Sep,Meyers Fire,12,El Dorado,NA,NA,NA
2018,Summer,Jul,Gray Fire,12,San Bernardino,NA,NA,NA
2018,Summer,Jul,School Fire,12,Madera,NA,NA,NA
2018,Summer,Jun,Mission Fire,12,Marin,NA,NA,NA
2018,Summer,Jun,Vista Fire,12,San Diego,NA,NA,NA
2018,Summer,Jun,Meamber Fire,12,Siskiyou,NA,NA,NA
2018,Summer,Jun,Resort Fire,12,San Luis Obispo,NA,NA,NA
2018,Spring,May,Bellagio Fire,12,Napa,NA,NA,NA
2018,Spring,May,Grant Fire,12,Alameda,NA,NA,NA
2018,Spring,May,Volcan Fire,12,San Diego,NA,NA,NA
2018,Summer,Jul,Dark Fire,11,Butte,NA,NA,NA
2018,Summer,Jul,Cornerstone Fire,11,Madera,NA,NA,NA
2018,Summer,Jun,Grande Fire,11,Riverside,NA,NA,NA
2018,Spring,Mar,Rock Fire,11,Shasta,NA,NA,NA
2018,Fall,Nov,Bear Fire,10,Santa Cruz,NA,NA,NA
2018,Fall,Nov,Green Hill Fire,10,Humboldt,NA,NA,NA
2018,Fall,Oct,Powellton Fire,10,Butte,NA,NA,NA
2018,Summer,Aug,Keller Fire,10,Riverside,NA,NA,NA
2018,Summer,Aug,Syar Fire,10,Napa,NA,NA,NA
2018,Summer,Jul,Lott Fire,10,Siskiyou,NA,NA,NA
2018,Summer,Jul,Building Fire,10,San Diego,NA,NA,NA
2018,Summer,Jun,Llano Fire,10,Butte,NA,NA,NA
2018,Summer,Jun,Creek Fire,10,San Luis Obispo,NA,NA,NA
2018,Summer,Jun,Ranchita Fire,10,Monterey,NA,NA,NA
2018,Summer,Jun,Pallet Fire,10,Sonoma,NA,NA,NA
2018,Summer,Jun,Green Fire,10,San Diego,NA,NA,NA
2018,Summer,Jun,Black Fire,10,Tehama,NA,NA,NA
2018,Summer,Jun,Jardin Fire,10,Riverside,NA,NA,NA
2018,Spring,May,70th Fire,10,Riverside,NA,NA,NA
2018,Fall,Nov,Honey Flooding,0,Butte,NA,NA,NA
2018,Spring,Apr,Grape Fire,0,Humboldt,NA,NA,NA
2018,Winter,Jan,Montecito Flooding / Mudflows,0,Santa Barbara,NA,NA,NA
2019,Fall,Oct,Easy Fire,1806,Ventura,NA,NA,NA
2019,Summer,Aug,Gaines Fire,1300,Mariposa,NA,NA,NA
2019,Fall,Oct,Sandalwood Fire,1011,Riverside,10,NA,17
2019,Fall,Oct,Rawson Fire,605,Tehama,NA,NA,NA
2019,Fall,Oct,Hill Fire,494,Riverside,5,2,14
2019,Fall,Nov,Foothills Fire,355,Placer,NA,NA,NA
2019,Fall,Oct,Cross Fire,289,Monterey,NA,NA,NA
2019,Summer,Jul,Valley Fire,149,Mariposa,NA,NA,NA
2019,Fall,Oct,Mud Fire,137,Fresno,NA,NA,NA
2019,Summer,Aug,3-2 Willow (Previously H-1 Fire),107,Lassen,NA,NA,NA
2019,Fall,Oct,Wolf Fire,75,Riverside,NA,NA,NA
2019,Fall,Oct,Merrill Fire,40,Contra Costa,NA,NA,NA
2019,Fall,Oct,Miller Fire,37,San Diego,4,2,10
2019,Fall,Oct,Mines Fire,35,Alameda,NA,NA,NA
2019,Summer,Jul,Rains Fire,35,Stanislaus,NA,NA,NA
2019,Summer,Jul,Horse Fire,30,Shasta,NA,NA,NA
2019,Summer,Jul,Whiskey Fire,27,Calaveras,NA,NA,NA
2019,Summer,Aug,La Barisa Fire,26,San Bernardino,NA,NA,NA
2019,Summer,Jul,Vista Fire,25,San Diego,NA,NA,NA
2019,Fall,Sep,Chaparral Fire,22,El Dorado,NA,NA,NA
2019,Summer,Jul,Mid Fire,22,Alameda,NA,NA,NA
2019,Fall,Oct,Nustar Fire,15,Contra Costa,NA,NA,NA
2019,Summer,Aug,Sage Fire,12,Riverside,NA,NA,NA
2019,Fall,Oct,Wilson Fire,10,Mendocino,NA,NA,NA
2019,Fall,Sep,Deer Fire,10,Santa Cruz,NA,NA,NA
2019,Fall,Oct,Kincade Fire,77758,Sonoma,2,0,5
2019,Fall,Sep,Walker Fire,54612,Plumas,NA,NA,NA
2019,Summer,Jul,Tucker Fire,14217,Modoc,NA,NA,NA
2019,Fall,Sep,Taboose Fire,10296,Inyo,8,1,8
2019,Fall,Oct,Maria Fire,9999,Ventura,17,NA,45
2019,Fall,Sep,Red Bank Fire,8838,Tehama,53,27,98
2019,Fall,Oct,Saddle Ridge Fire,8799,Los Angeles,NA,NA,NA
2019,Fall,Sep,Lone Fire,5737,Modoc,NA,NA,NA
2019,Fall,Oct,Briceburg Fire,5563,Mariposa,NA,NA,NA
2019,Fall,Sep,South Fire,5332,Tehama,NA,NA,NA
2019,Fall,Sep,Springs Fire,4840,Mono,NA,NA,NA
2019,Fall,Oct,Tick Fire,4615,Los Angeles,8,NA,69
2019,Fall,Oct,Caples Fire,3435,El Dorado,NA,NA,NA
2019,Summer,Aug,R-1 Fire,3380,Lassen,NA,NA,NA
2019,Fall,Nov,Cave Fire (No Longer a CAL FIRE Incident),3126,Santa Barbara,NA,NA,NA
2019,Summer,Jun,Lonoak Fire,2546,Monterey,NA,NA,NA
2019,Fall,Nov,Ranch Fire,2534,Tehama,2,NA,2
2019,Summer,Jun,Sand Fire,2512,Yolo,NA,NA,NA
2019,Spring,May,Refuge Fire,2500,Kern,NA,NA,NA
2019,Summer,Aug,Long Valley Fire,2438,Lassen,NA,NA,NA
2019,Summer,Jun,Rock Fire,2422,Stanislaus,NA,NA,NA
2019,Fall,Sep,Cow Fire,1975,Inyo,NA,NA,NA
2019,Fall,Sep,Tenaja,1926,Riverside,0,1,1
2019,Fall,Sep,Lime Fire,1872,Siskiyou,NA,NA,NA
2019,Summer,Jun,McMillan Fire,1764,San Luis Obispo,NA,NA,NA
2019,Summer,Aug,Border 8 Fire,1507,Mexico,NA,NA,NA
2019,Summer,Jun,West Butte Fire,1350,Sutter,NA,NA,NA
2019,Summer,Aug,Ward Fire,1301,State of Oregon,NA,NA,NA
2019,Summer,Jul,Jasper Fire,1165,State of Nevada,NA,NA,NA
2019,Summer,Jun,Boulder Fire,1127,San Luis Obispo,NA,NA,NA
2019,Summer,Aug,W1 McDonald Fire,1020,Lassen,NA,NA,NA
2019,Summer,Jul,Gillis Fire,974,San Luis Obispo,NA,NA,NA
2019,Spring,May,Belmont Fire,835,San Luis Obispo,NA,NA,NA
2019,Summer,Aug,Marsh Complex,757,Contra Costa,NA,NA,NA
2019,Summer,Aug,Creek Fire,756,Tulare,9,0,11
2019,Fall,Oct,Getty Fire,745,Los Angeles,NA,NA,NA
2019,Fall,Oct,Burris Fire,703,Mendocino,NA,NA,NA
2019,Fall,Sep,Baseline Fire,604,Placer,NA,NA,NA
2019,Summer,Aug,Mountain Fire,600,Shasta,8,NA,9
2019,Summer,Jun,Stuhr Fire,600,Stanislaus,NA,NA,NA
2019,Fall,Oct,American Fire,526,Napa,6,1,15
2019,Summer,Jun,Jerry Fire,525,Riverside,NA,NA,NA
2019,Fall,Sep,Horseshoe Fire,520,Riverside,8,2,34
2019,Fall,Sep,Swedes Fire,496,Butte,0,2,0
2019,Summer,Aug,Caliente Fire,448,San Diego,NA,NA,NA
2019,Summer,Jul,Mesa Fire,448,Kern,NA,NA,NA
2019,Summer,Aug,Hunter Fire,423,Mariposa,NA,NA,NA
2019,Fall,Oct,Real Fire,420,Santa Barbara,NA,NA,NA
2019,Fall,Sep,Broder Fire,381,Tulare,NA,NA,NA
2019,Fall,Oct,Reche Fire,350,Riverside,NA,NA,NA
2019,Fall,Oct,46 Fire,328,Riverside,NA,NA,NA
2019,Summer,Jul,Lake Fire,316,Monterey,NA,NA,NA
2019,Fall,Sep,Hwy Fire,300,Butte,NA,NA,NA
2019,Summer,Jul,Hollow Fire,283,San Joaquin,NA,NA,NA
2019,Fall,Sep,Rams Horn Fire,280,Trinity,NA,NA,NA
2019,Summer,Jul,Mill Fire,280,Monterey,NA,NA,NA
2019,Fall,Sep,Snail Fire,279,Ventura,NA,NA,NA
2019,Summer,Jul,Snowstorm Fire,263,Lassen,NA,NA,NA
2019,Fall,Sep,R-6 Fire,260,Lassen,NA,NA,NA
2019,Summer,Jun,Citrus Fire,257,Tulare,NA,NA,NA
2019,Fall,Sep,Sycamore Fire,250,Riverside,NA,NA,NA
2019,Fall,Sep,Henthorne Fire,244,Trinity,NA,NA,NA
2019,Summer,Jul,Lake Fire,244,Mariposa,NA,NA,NA
2019,Summer,Aug,Harte Fire,240,Alameda,NA,NA,NA
2019,Fall,Sep,Kidder 2 Fire,227,Siskiyou,NA,NA,NA
2019,Summer,Aug,Moose Fire,225,Mendocino,16,1,16
2019,Fall,Sep,Lopez Fire,220,San Luis Obispo,8,4,20
2019,Summer,Jun,Wolf Fire,214,Riverside,NA,NA,NA
2019,Summer,Jul,Madera Fire,213,Madera,NA,NA,NA
2019,Summer,Jun,Merced Fire,210,Merced,NA,NA,NA
2019,Summer,Jun,Malech Fire,210,Santa Clara,NA,NA,NA
2019,Summer,Jul,Tejon Fire,208,Kern,NA,NA,NA
2019,Summer,Jun,Lumgrey Fire,207,Siskiyou,NA,NA,NA
2019,Summer,Jul,Milton Fire,202,Stanislaus,NA,NA,NA
2019,Fall,Oct,Hillside Fire,200,San Bernardino,NA,NA,NA
2019,Fall,Oct,Cypress Complex,200,Contra Costa,NA,NA,NA
2019,Fall,Oct,Olivas Fire,200,Ventura,NA,NA,NA
2019,Fall,Sep,Dehesa Fire,200,San Diego,8,1,20
2019,Fall,Sep,McMurray Fire,200,Santa Barbara,NA,NA,NA
2019,Summer,Jul,Doyle Fire,193,Lassen,NA,NA,NA
2019,Fall,Sep,Stuhr Fire,190,Stanislaus,NA,NA,NA
2019,Summer,Jul,Sargent Fire,190,Monterey,NA,NA,NA
2019,Summer,Jul,Marshview Fire,183,Solano,NA,NA,NA
2019,Spring,May,Vulcan Fire,172,Kern,NA,NA,NA
2019,Fall,Sep,Bautista Fire,167,Riverside,NA,NA,NA
2019,Fall,Sep,Antelope Fire,167,San Benito,NA,NA,NA
2019,Spring,Apr,York Fire,161,Kings,NA,NA,NA
2019,Summer,Aug,Cottage Fire,156,Shasta,NA,NA,2
2019,Summer,Aug,Five Fire,156,Los Angeles,NA,NA,NA
2019,Summer,Jul,Star Fire,156,San Bernardino,NA,NA,NA
2019,Summer,Jun,Spruce Fire,155,Tulare,NA,NA,NA
2019,Fall,Oct,Sky Fire,150,Contra Costa,NA,NA,NA
2019,Summer,Jul,Dehesa Fire,150,San Diego,NA,NA,NA
2019,Summer,Jun,Dyer Fire,148,Placer,NA,NA,NA
2019,Fall,Oct,Old Water Fire,145,San Bernardino,NA,NA,NA
2019,Spring,May,Canyon Fire,144,Santa Clara,NA,NA,NA
2019,Fall,Oct,Glencove Fire,140,Solano,NA,NA,NA
2019,Summer,Aug,Patterson Fire,139,Alameda,NA,NA,NA
2019,Summer,Aug,Horse Fire,131,Lassen,NA,NA,NA
2019,Summer,Jul,South Fire,131,Ventura,NA,NA,NA
2019,Summer,Aug,R-1 Fire,130,Lassen,NA,NA,NA
2019,Summer,Jul,Usal Fire,130,Mendocino,NA,NA,NA
2019,Spring,May,Shady Fire,130,Riverside,NA,NA,NA
2019,Fall,Sep,Reservoir Fire,128,Santa Clara,NA,NA,NA
2019,Summer,Jul,Goose 2 Fire,128,Modoc,NA,NA,NA
2019,Spring,May,Hill Fire,121,Fresno,NA,NA,NA
2019,Summer,Jun,Weisgarber Fire,120,San Diego,NA,NA,NA
2019,Summer,Jun,Bitter Fire,120,San Luis Obispo,NA,NA,NA
2019,Spring,Apr,Woody Fire,115,Kern,NA,NA,NA
2019,Summer,Aug,West Fire,105,Los Angeles,NA,NA,NA
2019,Summer,Aug,Meadow Fire (Not a CAL FIRE incident),103,Modoc,NA,NA,NA
2019,Summer,Jul,Range Fire,100,Santa Barbara,NA,NA,NA
2019,Summer,Jul,Border Fire,100,San Diego,NA,NA,NA
2019,Fall,Sep,Kennedy Fire,98,Riverside,9,2,17
2019,Fall,Oct,Sawday Fire,97,San Diego,NA,NA,NA
2019,Summer,Jul,Orange fire,96,Riverside,NA,NA,NA
2019,Summer,Jul,Thompson Fire,95,San Luis Obispo,NA,NA,NA
2019,Summer,Aug,Toro Fire,94,Riverside,NA,NA,NA
2019,Fall,Oct,Wendy Fire,91,Ventura,NA,NA,NA
2019,Fall,Sep,Bar Fire,91,Siskiyou,NA,NA,NA
2019,Summer,Jul,Whiskey Fire,90,San Joaquin,NA,NA,NA
2019,Summer,Jun,Trinity Fire,90,Shasta,NA,NA,NA
2019,Fall,Sep,Country Fire,85,El Dorado,NA,NA,NA
2019,Summer,Aug,Browns Fire,84,Sacramento,NA,NA,NA
2019,Fall,Sep,Tulloch Fire,83,Tuolumne,NA,NA,NA
2019,Summer,Jul,Tree Fire,83,Siskiyou,NA,NA,NA
2019,Summer,Aug,Timm Fire,81,Solano,NA,NA,NA
2019,Summer,Jul,Milpas Fire,81,San Bernardino,NA,NA,NA
2019,Summer,Jul,Meadow Fire,81,Riverside,NA,NA,NA
2019,Fall,Oct,Nelson Fire,80,Butte,NA,NA,NA
2019,Summer,Aug,Ivy Fire,80,Riverside,NA,NA,NA
2019,Summer,Aug,Border 9 Fire,80,San Diego,NA,NA,NA
2019,Summer,Jul,Sweigert Fire,80,Santa Clara,NA,NA,NA
2019,Summer,Jul,Lincoln Fire,80,Riverside,NA,NA,NA
2019,Summer,Jun,Scott Fire,80,Yuba,NA,NA,NA
2019,Fall,Nov,Eagle Fire,75,Lake,NA,NA,NA
2019,Summer,Jul,Coyote Fire,74,Santa Clara,NA,NA,NA
2019,Summer,Jun,Levee Fire,70,Yuba,NA,NA,NA
2019,Fall,Oct,Corning Fire,68,Tehama,NA,NA,NA
2019,Fall,Oct,Muir Fire,67,Marin,NA,NA,NA
2019,Fall,Sep,Lynette Fire,67,Calaveras,NA,NA,NA
2019,Fall,Sep,Jolon Fire,66,Monterey,NA,NA,NA
2019,Spring,May,Sugar Fire,65,Placer,NA,NA,NA
2019,Summer,Jul,Canyon Fire,64,Napa,NA,NA,NA
2019,Fall,Oct,Elk Fire,63,Glenn,NA,NA,NA
2019,Spring,May,Paskenta Fire,63,Tehama,NA,NA,NA
2019,Fall,Oct,Cabrillo Fire,62,San Mateo,NA,NA,NA
2019,Summer,Aug,Bayliss Fire,60,Santa Clara,NA,NA,NA
2019,Fall,Sep,Forbestown Fire,58,Butte,NA,1,10
2019,Summer,Aug,Sellers Fire,58,Contra Costa,NA,NA,NA
2019,Fall,Oct,Horse Fire,55,Lassen,NA,NA,NA
2019,Spring,May,66 Fire,55,Riverside,NA,NA,NA
2019,Fall,Sep,Oak Fire,53,Lake,2,NA,10
2019,Fall,Oct,Ranch Fire,52,San Luis Obispo,NA,NA,NA
2019,Fall,Sep,Willow Fire,52,San Diego,NA,NA,NA
2019,Fall,Oct,Copper Fire,50,San Diego,NA,NA,NA
2019,Fall,Oct,Forest Fire,50,Contra Costa,NA,NA,NA
2019,Summer,Aug,Prairie Fire,50,Sacramento,NA,NA,NA
2019,Summer,Jun,Ink Fire,50,Napa,NA,NA,NA
2019,Spring,May,Meridian Fire,50,Butte,NA,NA,NA
2019,Summer,Jul,Aborn Fire,47,Santa Clara,NA,NA,NA
2019,Summer,Jun,Springs Fire,47,Tulare,NA,NA,NA
2019,Summer,Aug,Lower Fire,46,Shasta,NA,NA,NA
2019,Summer,Jun,Paskenta Fire,46,Tehama,NA,NA,NA
2019,Spring,May,Diversion Fire,45,Riverside,NA,NA,NA
2019,Fall,Sep,Flood Fire,44,San Joaquin,NA,NA,NA
2019,Summer,Jun,Ardo Fire,43,Monterey,NA,NA,NA
2019,Fall,Oct,Palisades Fire,42,Los Angeles,NA,NA,NA
2019,Fall,Oct,Plains Fire,42,Shasta,NA,NA,NA
2019,Summer,Jul,Far Fire,38,Yuba,NA,NA,NA
2019,Summer,Aug,Jamieson Fire,35,Santa Clara,NA,NA,NA
2019,Summer,Aug,Patterson Fire,35,El Dorado,NA,NA,2
2019,Summer,Jul,Community Fire,35,Siskiyou,NA,NA,NA
2019,Summer,Jun,Calaveras Fire,35,Santa Clara,NA,NA,NA
2019,Fall,Sep,Redwood Fire,34,Riverside,NA,NA,NA
2019,Summer,Aug,Yucca Fire,34,Riverside,NA,NA,NA
2019,Summer,Aug,Heavy Range Fire,33,Yolo,NA,NA,NA
2019,Summer,Jun,Yokohl Fire,33,Tulare,NA,NA,NA
2019,Fall,Oct,Bitter Fire,30,San Luis Obispo,NA,NA,NA
2019,Fall,Sep,Mare Fire,30,Solano,NA,NA,NA
2019,Summer,Aug,Gilbert Fire,30,Shasta,NA,NA,NA
2019,Summer,Jul,Ranch Fire,30,Shasta,NA,NA,NA
2019,Summer,Jun,Mountain Fire,30,Alameda,NA,NA,NA
2019,Spring,Apr,Girasol Fire,30,Riverside,NA,NA,NA
2019,Winter,Jan,Pilot Fire,30,Humboldt,NA,NA,NA
2019,Fall,Oct,Point Fire,29,Santa Clara,NA,NA,NA
2019,Summer,Aug,Caliente Fire,29,Kern,NA,NA,NA
2019,Fall,Sep,Glass Fire,28,Lake,2,1,4
2019,Summer,Jun,Otay Fire,28,San Diego,NA,NA,NA
2019,Summer,Jun,Watt Fire,27,Placer,NA,NA,NA
2019,Spring,May,Foothill Fire,26,Riverside,NA,NA,NA
2019,Fall,Oct,Grove Fire,25,Lake,NA,NA,NA
2019,Fall,Sep,Frame Fire,25,Fresno,NA,NA,NA
2019,Summer,Aug,Border 10 Fire,25,Mexico,NA,NA,NA
2019,Summer,Jul,Bikeway Fire,25,Alameda,NA,NA,NA
2019,Summer,Jun,Bear Fire,25,Tulare,NA,NA,NA
2019,Summer,Jul,Fellow Fire,24,Contra Costa,NA,NA,NA
2019,Summer,Jun,Nelson Fire,24,Solano,NA,NA,NA
2019,Summer,Jun,Willow Fire,23,Contra Costa,NA,NA,NA
2019,Spring,May,Border Fire,22,San Diego,NA,NA,NA
2019,Summer,Aug,Preston Fire,21,Tuolumne,NA,NA,NA
2019,Summer,Aug,Spring Fire,20,Colusa,1,2,7
2019,Summer,Aug,Radio Fire,20,Riverside,NA,NA,NA
2019,Summer,Aug,Golf Fire,20,Lake,NA,NA,NA
2019,Summer,Jul,Gibbel Fire,20,Riverside,NA,NA,NA
2019,Summer,Jun,Nuevo Fire,20,Riverside,NA,NA,NA
2019,Fall,Nov,Sobrante Fire,19,Riverside,NA,NA,NA
2019,Fall,Sep,Warren Fire,19,Riverside,NA,NA,NA
2019,Summer,Aug,Carroll Fire,19,Alameda,NA,NA,NA
2019,Fall,Oct,Del Fire,18,Stanislaus,NA,NA,NA
2019,Fall,Sep,Foster Fire,17,San Benito,NA,NA,NA
2019,Summer,Jun,Mines Fire,17,Santa Clara,NA,NA,NA
2019,Summer,Jun,32 Fire,17,Butte,NA,NA,NA
2019,Summer,Jun,Rocky Fire,17,Siskiyou,NA,NA,NA
2019,Fall,Sep,Cow Fire,16,Shasta,NA,NA,NA
2019,Summer,Aug,Greenstone Fire,16,El Dorado,NA,NA,NA
2019,Fall,Sep,Duzel Fire,15,Siskiyou,NA,NA,NA
2019,Fall,Sep,Telephone Fire,15,San Bernardino,NA,NA,NA
2019,Summer,Jun,Pauma Fire,15,San Diego,NA,NA,NA
2019,Summer,Jul,Carson Fire,13,El Dorado,NA,NA,NA
2019,Fall,Oct,Little Fire,12,Alameda,NA,NA,NA
2019,Summer,Jun,Mayberry Fire,12,Butte,NA,NA,NA
2019,Fall,Oct,Beaumont Fire,11,San Bernardino,NA,NA,NA
2019,Fall,Oct,Dales Fire,11,Tehama,NA,NA,NA
2019,Fall,Sep,Bridge Fire,11,Stanislaus,NA,NA,NA
2019,Fall,Sep,Mines Fire,11,Alameda,NA,NA,NA
2019,Fall,Oct,Fairmont Fire,10,San Diego,NA,NA,NA
2019,Fall,Oct,Inghram Fire,10,Tehama,NA,NA,NA
2019,Fall,Sep,Electra Fire,10,Amador,2,NA,5
2019,Fall,Sep,Bailey Fire,10,Riverside,NA,NA,NA
2019,Summer,Jul,Moms Fire,10,Butte,NA,NA,NA
2019,Summer,Jun,IronGate Fire,10,Siskiyou,NA,NA,NA
2019,Spring,Apr,Cana Fire,10,Butte,NA,NA,NA
2019,Fall,Oct,Eagle Fire,9,Riverside,NA,NA,NA
2019,Summer,Jun,Long Fire,2,Nevada,NA,NA,NA
2019,Fall,Nov,Cashe Fire,NA,Yolo,NA,NA,NA
2019,Fall,Oct,Oak Fire,NA,San Diego,NA,NA,NA
2019,Fall,Oct,Johnson Fire,NA,Riverside,NA,NA,NA
